Feature,Mean P Value,P Values,Num_Relevant(10)
value_norm__absolute_sum_of_changes,0.0001008873497302,[0.00010088734973027149],1
"value_norm__agg_linear_trend__attr_""intercept""__chunk_len_10__f_agg_""max""",0.0001202325094414,"[2.668401877556935e-05, 0.0005399196393249449, 3.335836032215016e-05, 0.0001204390080601888, 6.310287017288261e-07, 3.6300146410841643e-07]",6
"value_norm__agg_linear_trend__attr_""intercept""__chunk_len_10__f_agg_""mean""",0.0001913932312931,"[7.768432865321709e-05, 0.0005731833624416958, 8.132162372884459e-05, 0.0004152458432753091, 5.248754044672241e-07, 3.9935425517717797e-07]",6
"value_norm__agg_linear_trend__attr_""intercept""__chunk_len_10__f_agg_""min""",0.0002382476430635,"[0.0002286621450337301, 0.0007262524060905059, 0.00023367969434613835, 1.302339404382956e-06, 1.3416304428621445e-06]",5
"value_norm__agg_linear_trend__attr_""intercept""__chunk_len_10__f_agg_""var""",5.526941204399586e-05,"[1.657687876765148e-05, 9.396194532034025e-05]",2
"value_norm__agg_linear_trend__attr_""intercept""__chunk_len_50__f_agg_""max""",0.0002085517223471,"[0.0003014996500110326, 1.1190041250809293e-05, 0.0003129654757795583]",3
"value_norm__agg_linear_trend__attr_""intercept""__chunk_len_50__f_agg_""mean""",0.0002395026860357,"[9.692791226094791e-05, 0.0007262524060905059, 0.00010095720824331398, 0.0005116038591274505, 6.915870390805111e-07, 5.831434533908341e-07]",6
"value_norm__agg_linear_trend__attr_""intercept""__chunk_len_5__f_agg_""max""",0.0001619763072818,"[4.9497008583418844e-05, 0.0006083473246832255, 6.0703226418319035e-05, 0.0002522954787694644, 5.755975201564828e-07, 4.392077162413868e-07]",6
"value_norm__agg_linear_trend__attr_""intercept""__chunk_len_5__f_agg_""mean""",0.0001913932312931,"[7.768432865321709e-05, 0.0005731833624416958, 8.132162372884459e-05, 0.0004152458432753091, 5.248754044672241e-07, 3.9935425517717797e-07]",6
"value_norm__agg_linear_trend__attr_""intercept""__chunk_len_5__f_agg_""min""",0.0002404563409034,"[0.00012965177579435562, 0.0006083473246832255, 0.000116448238275774, 0.0005870159761747196, 6.915870390805111e-07, 5.831434533908341e-07]",6
"value_norm__agg_linear_trend__attr_""intercept""__chunk_len_5__f_agg_""var""",5.751118725026476e-05,"[2.106042918018927e-05, 9.396194532034025e-05]",2
"value_norm__agg_linear_trend__attr_""rvalue""__chunk_len_10__f_agg_""max""",0.0001332499447607,"[5.339876905066679e-05, 0.0004787191220368496, 4.860156088872589e-05, 0.00021817869319086934, 3.294234098714622e-07, 2.7209998781536314e-07]",6
"value_norm__agg_linear_trend__attr_""rvalue""__chunk_len_10__f_agg_""mean""",0.0001913932312931,"[7.768432865321709e-05, 0.0005731833624416958, 8.132162372884459e-05, 0.0004152458432753091, 5.248754044672241e-07, 3.9935425517717797e-07]",6
"value_norm__agg_linear_trend__attr_""rvalue""__chunk_len_10__f_agg_""min""",0.0002661995347867,"[0.00010428614912958152, 0.0007700525491957095, 0.00013416174658013267, 0.0005870159761747196, 9.087522771002087e-07, 7.720353630384669e-07]",6
"value_norm__agg_linear_trend__attr_""rvalue""__chunk_len_10__f_agg_""var""",1.0900644571488089e-05,"[7.145366682850652e-06, 1.4110318770633749e-05, 1.0327684027722908e-05, 8.320707985019014e-06, 1.7003741581757531e-06, 4.659354438923184e-06, 3.0040705937091366e-05]",7
"value_norm__agg_linear_trend__attr_""rvalue""__chunk_len_50__f_agg_""max""",6.204425470647228e-05,"[3.383915272540499e-05, 1.9451075012243494e-05, 4.115990199385775e-06, 3.856621636895234e-06, 7.608191489038976e-05, 0.00020839526077966303, 3.6180953174684756e-07, 3.9935425517717797e-07, 0.00024944351902209024, 2.449784901172631e-05]",10
"value_norm__agg_linear_trend__attr_""rvalue""__chunk_len_50__f_agg_""mean""",0.0001860325764307,"[6.692744325834894e-05, 0.0006847760486521223, 4.860156088872589e-05, 0.0003129654757795583, 1.7003741581757531e-06, 1.2245558477536288e-06]",6
"value_norm__agg_linear_trend__attr_""rvalue""__chunk_len_50__f_agg_""var""",0.000308336168703,"[0.00018525194841127166, 0.00042679108191835615, 0.0003129654757795583]",3
"value_norm__agg_linear_trend__attr_""rvalue""__chunk_len_5__f_agg_""max""",0.0001533067055211,"[6.209317167155153e-05, 0.0004787191220368496, 6.533535263170976e-05, 0.0003129654757795583, 3.9725825245671636e-07, 3.2985275495489327e-07]",6
"value_norm__agg_linear_trend__attr_""rvalue""__chunk_len_5__f_agg_""mean""",0.0001913932312931,"[7.768432865321709e-05, 0.0005731833624416958, 8.132162372884459e-05, 0.0004152458432753091, 5.248754044672241e-07, 3.9935425517717797e-07]",6
"value_norm__agg_linear_trend__attr_""rvalue""__chunk_len_5__f_agg_""min""",0.000227304179351,"[9.692791226094791e-05, 0.000645510408625346, 0.00010844202672875589, 0.0005116038591274505, 7.577259106322557e-07, 5.831434533908341e-07]",6
"value_norm__agg_linear_trend__attr_""rvalue""__chunk_len_5__f_agg_""var""",9.379620646500843e-06,"[5.164748878186652e-06, 1.0186582759150017e-05, 7.471810850027301e-06, 4.92520027768095e-06, 9.087522771002087e-07, 2.304960487458526e-06, 3.469528899590225e-05]",7
"value_norm__agg_linear_trend__attr_""slope""__chunk_len_10__f_agg_""max""",0.0001226117170334,"[3.371753862717348e-05, 0.0005084616542428988, 4.184548860444286e-05, 0.00015086750812133305, 4.784769392129079e-07, 2.996356658103692e-07]",6
"value_norm__agg_linear_trend__attr_""slope""__chunk_len_10__f_agg_""mean""",0.0001913932312931,"[7.768432865321709e-05, 0.0005731833624416958, 8.132162372884459e-05, 0.0004152458432753091, 5.248754044672241e-07, 3.9935425517717797e-07]",6
"value_norm__agg_linear_trend__attr_""slope""__chunk_len_10__f_agg_""min""",0.0003385526982852,"[0.00018525194841127166, 0.0007262524060905059, 0.00017746890602221647, 0.0009402351842906093, 1.0885526827329426e-06, 1.0191922143990462e-06]",6
"value_norm__agg_linear_trend__attr_""slope""__chunk_len_10__f_agg_""var""",0.0002496306001742,"[2.6359401493963236e-06, 2.6523444730052223e-05, 0.000719732415643213]",3
"value_norm__agg_linear_trend__attr_""slope""__chunk_len_50__f_agg_""max""",0.0003476164437529,"[1.4110318770633749e-05, 0.0005084616542428988, 2.319949743478413e-06, 2.9306023803392868e-05, 0.0007643871287350743, 0.0007671135872224445]",6
"value_norm__agg_linear_trend__attr_""slope""__chunk_len_50__f_agg_""mean""",0.0002395026860357,"[9.692791226094791e-05, 0.0007262524060905059, 0.00010095720824331398, 0.0005116038591274505, 6.915870390805111e-07, 5.831434533908341e-07]",6
"value_norm__agg_linear_trend__attr_""slope""__chunk_len_50__f_agg_""var""",0.0009780211600922,[0.000978021160092201],1
"value_norm__agg_linear_trend__attr_""slope""__chunk_len_5__f_agg_""max""",0.0001560928179012,"[4.9497008583418844e-05, 0.0005731833624416958, 6.0703226418319035e-05, 0.0002522954787694644, 4.784769392129079e-07, 3.9935425517717797e-07]",6
"value_norm__agg_linear_trend__attr_""slope""__chunk_len_5__f_agg_""mean""",0.0001913932312931,"[7.768432865321709e-05, 0.0005731833624416958, 8.132162372884459e-05, 0.0004152458432753091, 5.248754044672241e-07, 3.9935425517717797e-07]",6
"value_norm__agg_linear_trend__attr_""slope""__chunk_len_5__f_agg_""min""",0.000231754722941,"[0.0001206122418089026, 0.0005731833624416958, 0.00010844202672875589, 0.0005870159761747196, 6.915870390805111e-07, 5.831434533908341e-07]",6
"value_norm__agg_linear_trend__attr_""slope""__chunk_len_5__f_agg_""var""",0.0003250677827042,"[4.055331159224116e-06, 3.091283266303571e-05, 0.0009402351842906093]",3
"value_norm__agg_linear_trend__attr_""stderr""__chunk_len_10__f_agg_""max""",0.0001781096053745,"[0.00016437952393988863, 0.00016075299806431707, 0.00015510509943891487, 8.742619623996037e-05, 0.0005870159761747196, 2.998446231450428e-07, 3.2985275495489327e-07, 0.00026956735176082594]",8
"value_norm__agg_linear_trend__attr_""stderr""__chunk_len_10__f_agg_""mean""",0.0001740356158052,"[6.692744325834894e-05, 0.0005399196393249449, 7.562150763205433e-05, 0.0003607302993798173, 5.755975201564828e-07, 4.392077162413868e-07]",6
"value_norm__agg_linear_trend__attr_""stderr""__chunk_len_10__f_agg_""min""",4.2915133368984434e-05,"[1.657687876765148e-05, 6.533535263170976e-05, 0.0001204390080601888, 7.952740014597297e-06, 4.271687370774821e-06]",5
"value_norm__agg_linear_trend__attr_""stderr""__chunk_len_10__f_agg_""var""",2.911298714438301e-05,[2.9112987144383012e-05],1
"value_norm__agg_linear_trend__attr_""stderr""__chunk_len_50__f_agg_""max""",4.29693845594755e-05,"[3.402285213701138e-08, 0.00024513870521204707, 2.027959465140861e-06, 9.396194532034025e-05, 1.796230840622168e-05, 1.5562161689822726e-06, 1.2245558477536288e-06, 2.415601950870785e-05, 6.627282539488839e-07]",9
"value_norm__agg_linear_trend__attr_""stderr""__chunk_len_50__f_agg_""mean""",0.0003379942264323,"[0.0006716511859048485, 7.562150763205433e-05, 0.00021322931832229135, 0.00039147489387035816]",4
"value_norm__agg_linear_trend__attr_""stderr""__chunk_len_50__f_agg_""min""",0.0001571943252205,"[6.209317167155153e-05, 0.0002522954787694644]",2
"value_norm__agg_linear_trend__attr_""stderr""__chunk_len_5__f_agg_""max""",0.0002439809723576,"[0.0005772343504654172, 0.00011216933002352663, 0.0003752364998274091, 9.396194532034025e-05, 0.0005481029162495966, 6.310287017288261e-07, 5.30735915582563e-07]",7
"value_norm__agg_linear_trend__attr_""stderr""__chunk_len_5__f_agg_""mean""",0.0001913932312931,"[7.768432865321709e-05, 0.0005731833624416958, 8.132162372884459e-05, 0.0004152458432753091, 5.248754044672241e-07, 3.9935425517717797e-07]",6
"value_norm__agg_linear_trend__attr_""stderr""__chunk_len_5__f_agg_""min""",0.0001413076748186,"[3.934935242757246e-05, 0.0004787191220368496, 7.562150763205433e-05, 0.0002522954787694644, 1.0885526827329426e-06, 7.720353630384669e-07]",6
"value_norm__agg_linear_trend__attr_""stderr""__chunk_len_5__f_agg_""var""",2.6992108204602317e-05,[2.6992108204602313e-05],1
value_norm__approximate_entropy__m_2__r_0.7,0.0001534352549714,[0.000153435254971436],1
value_norm__approximate_entropy__m_2__r_0.9,0.0005772343504654,[0.0005772343504654172],1
value_norm__ar_coefficient__coeff_10__k_10,0.0005883178024852,[0.0005883178024852509],1
value_norm__ar_coefficient__coeff_1__k_10,3.302999584490257e-05,"[1.0186582759150017e-05, 1.1742782042117199e-07, 8.878597695513654e-05]",3
value_norm__ar_coefficient__coeff_2__k_10,0.0001521365810488,"[7.211640642041245e-05, 2.492324253669092e-07, 0.00021817869319086934, 0.00031800199215885377]",4
value_norm__ar_coefficient__coeff_5__k_10,0.0003884321542644,"[0.0003014996500110326, 9.396194532034025e-05, 0.000769834867461944]",3
value_norm__ar_coefficient__coeff_7__k_10,0.0005013182425659,"[0.0005536718398316766, 0.00044896464530024157]",2
value_norm__autocorrelation__lag_8,0.0006549926611961,[0.0006549926611961259],1
value_norm__autocorrelation__lag_9,0.0005772343504654,[0.0005772343504654172],1
value_norm__binned_entropy__max_bins_10,0.0002337542188807,"[2.4161365679521525e-06, 0.00013617610041477958, 2.1034070906828422e-05, 0.00012987284750826472, 0.0004524190019427516, 0.0004805782252084892, 0.000413783149616064]",7
value_norm__c3__lag_1,5.339876905066679e-05,[5.339876905066679e-05],1
value_norm__c3__lag_2,5.339876905066679e-05,[5.339876905066679e-05],1
value_norm__c3__lag_3,6.692744325834894e-05,[6.692744325834894e-05],1
"value_norm__change_quantiles__f_agg_""mean""__isabs_True__qh_0.8__ql_0.0",6.692744325834894e-05,[6.692744325834894e-05],1
"value_norm__change_quantiles__f_agg_""mean""__isabs_True__qh_0.8__ql_0.2",0.0001728020722902,"[2.2139885475309257e-06, 3.881142400552561e-05, 0.000477380804317654]",3
"value_norm__change_quantiles__f_agg_""mean""__isabs_True__qh_0.8__ql_0.4",0.0002020621745466,"[1.7003741581757531e-06, 5.638323323229946e-05, 0.0005481029162495966]",3
"value_norm__change_quantiles__f_agg_""mean""__isabs_True__qh_0.8__ql_0.6",0.0001086390683523,"[1.1908387391191978e-06, 3.335836032215016e-05, 0.0002913680059958147]",3
"value_norm__change_quantiles__f_agg_""mean""__isabs_True__qh_1.0__ql_0.0",0.0001008873497302,[0.00010088734973027149],1
"value_norm__change_quantiles__f_agg_""mean""__isabs_True__qh_1.0__ql_0.8",0.000236151965478,"[1.3012383576306868e-05, 0.00025014067026243734, 0.00044530284259534925]",3
"value_norm__change_quantiles__f_agg_""var""__isabs_False__qh_0.8__ql_0.6",0.0007166266725,[0.0007166266725000458],1
"value_norm__change_quantiles__f_agg_""var""__isabs_False__qh_1.0__ql_0.0",0.0001008873497302,[0.00010088734973027149],1
"value_norm__change_quantiles__f_agg_""var""__isabs_False__qh_1.0__ql_0.2",0.0001643795239398,[0.00016437952393988863],1
"value_norm__change_quantiles__f_agg_""var""__isabs_False__qh_1.0__ql_0.4",0.0001431795842271,[0.0001431795842271818],1
"value_norm__change_quantiles__f_agg_""var""__isabs_False__qh_1.0__ql_0.6",0.0001431795842271,[0.0001431795842271818],1
"value_norm__change_quantiles__f_agg_""var""__isabs_False__qh_1.0__ql_0.8",0.0005890269210974,"[0.00034434169037518943, 0.0001725940834516743, 0.0012501449894653535]",3
"value_norm__change_quantiles__f_agg_""var""__isabs_True__qh_1.0__ql_0.0",0.0002159353832656,[0.00021593538326562025],1
"value_norm__change_quantiles__f_agg_""var""__isabs_True__qh_1.0__ql_0.2",0.0002017840430974,[0.0002017840430974191],1
"value_norm__change_quantiles__f_agg_""var""__isabs_True__qh_1.0__ql_0.4",0.0001760551842738,[0.0001760551842738367],1
"value_norm__change_quantiles__f_agg_""var""__isabs_True__qh_1.0__ql_0.6",5.678479595834593e-05,[5.678479595834593e-05],1
"value_norm__change_quantiles__f_agg_""var""__isabs_True__qh_1.0__ql_0.8",0.0001676694013682,"[3.383915272540499e-05, 0.0003014996500110326]",2
value_norm__cid_ce__normalize_False,0.0001008873497302,[0.00010088734973027149],1
value_norm__cid_ce__normalize_True,0.0001008873497302,[0.00010088734973027149],1
"value_norm__cwt_coefficients__coeff_0__w_10__widths_(2, 5, 10, 20)",5.692615249470824e-05,"[5.759076692245681e-05, 2.1324344570707244e-05, 8.789555030540264e-06, 0.00013999994345512866]",4
"value_norm__cwt_coefficients__coeff_0__w_20__widths_(2, 5, 10, 20)",1.386800424848958e-06,"[7.74391803160789e-06, 1.546509899245518e-08, 2.075732388546212e-08, 1.2914314600462894e-07, 2.993021422724955e-07, 7.519789698176738e-07, 6.915870390805111e-07, 6.405221415762538e-07, 9.706729673020178e-07, 2.6046573879501934e-06]",10
"value_norm__cwt_coefficients__coeff_10__w_10__widths_(2, 5, 10, 20)",0.0001901883232027,[0.0001901883232027629],1
"value_norm__cwt_coefficients__coeff_10__w_20__widths_(2, 5, 10, 20)",1.8689767187764055e-05,"[7.585946580075988e-05, 2.0518070920731496e-07, 1.4709489192785064e-06, 8.891122050844713e-07, 7.630668606261066e-06, 2.9272489364854202e-05, 1.7003741581757531e-06, 5.831434533908341e-07, 4.9511207103888246e-05, 1.9775081556740314e-05]",10
"value_norm__cwt_coefficients__coeff_10__w_2__widths_(2, 5, 10, 20)",0.0001479246679421,[0.0001479246679421513],1
"value_norm__cwt_coefficients__coeff_11__w_10__widths_(2, 5, 10, 20)",0.0002863767162501,[0.0002863767162501853],1
"value_norm__cwt_coefficients__coeff_11__w_20__widths_(2, 5, 10, 20)",2.07477305958006e-05,"[8.149844045033748e-05, 2.0518070920731496e-07, 1.594507526857493e-06, 8.891122050844713e-07, 7.630668606261066e-06, 3.358453401136815e-05, 1.7003741581757531e-06, 5.831434533908341e-07, 5.697577396175735e-05, 2.2815570875566082e-05]",10
"value_norm__cwt_coefficients__coeff_11__w_2__widths_(2, 5, 10, 20)",7.019860678752308e-05,[7.019860678752308e-05],1
"value_norm__cwt_coefficients__coeff_12__w_10__widths_(2, 5, 10, 20)",0.0003500542606668,[0.0003500542606668332],1
"value_norm__cwt_coefficients__coeff_12__w_20__widths_(2, 5, 10, 20)",2.33319950831074e-05,"[0.00010088734973027149, 2.256968800207933e-07, 2.027959465140861e-06, 8.891122050844713e-07, 8.320707985019014e-06, 3.596052533759607e-05, 2.028136541948033e-06, 6.405221415762538e-07, 6.109634003766307e-05, 2.1243600506753894e-05]",10
"value_norm__cwt_coefficients__coeff_12__w_2__widths_(2, 5, 10, 20)",0.0003690893673695,"[0.0005416631136245149, 0.00045568058452084327, 0.0004805782252084892, 4.298010871816262e-05, 0.0003245448047756943]",5
"value_norm__cwt_coefficients__coeff_12__w_5__widths_(2, 5, 10, 20)",0.0010403658202746,[0.0010403658202746441],1
"value_norm__cwt_coefficients__coeff_13__w_10__widths_(2, 5, 10, 20)",0.0005536718398316,[0.0005536718398316766],1
"value_norm__cwt_coefficients__coeff_13__w_20__widths_(2, 5, 10, 20)",2.48639736380774e-05,"[9.398590420380336e-05, 2.481886054002515e-07, 2.1961002367289765e-06, 1.0612801158999343e-06, 8.320707985019014e-06, 4.4083282721499625e-05, 1.7003741581757531e-06, 5.831434533908341e-07, 7.521715439410237e-05, 2.1243600506753894e-05]",10
"value_norm__cwt_coefficients__coeff_13__w_2__widths_(2, 5, 10, 20)",0.0002304016964291,"[0.0002017840430974191, 0.0003740699401396637, 0.0001801990516901963, 0.0001580511830046009, 0.0002379042642136753]",5
"value_norm__cwt_coefficients__coeff_13__w_5__widths_(2, 5, 10, 20)",0.0004217122491804,"[0.00020376087370776788, 0.0010043910559796923, 0.0003228389975026195, 0.00015585806953176794]",4
"value_norm__cwt_coefficients__coeff_14__w_10__widths_(2, 5, 10, 20)",0.0009780211600922,[0.000978021160092201],1
"value_norm__cwt_coefficients__coeff_14__w_20__widths_(2, 5, 10, 20)",2.8412665313233557e-05,"[9.398590420380336e-05, 2.7283834121940214e-07, 2.5734222679671848e-06, 1.3809819142665687e-06, 8.320707985019014e-06, 5.764704476527873e-05, 2.2139885475309257e-06, 8.471914316814886e-07, 9.238672466384252e-05, 2.449784901172631e-05]",10
"value_norm__cwt_coefficients__coeff_14__w_2__widths_(2, 5, 10, 20)",0.0002142691396309,"[0.0001245742516595212, 0.0001901883232027629, 9.286968004357242e-05, 0.00044029885268549864, 0.0002234145905632116]",5
"value_norm__cwt_coefficients__coeff_14__w_5__widths_(2, 5, 10, 20)",0.0003321536405807,"[0.00034434169037518943, 0.0005519794655911146, 0.00010844202672875589, 0.000769834867461944, 0.0003014996500110326, 3.990840965520098e-05, 0.0003887648295898766, 0.0001524581852331187]",8
"value_norm__cwt_coefficients__coeff_1__w_10__widths_(2, 5, 10, 20)",0.0002961918792753,"[0.00034558564302320167, 0.00027522245558933166, 5.235555936148062e-05, 0.0005116038591274505]",4
"value_norm__cwt_coefficients__coeff_1__w_20__widths_(2, 5, 10, 20)",2.171094630163661e-06,"[1.1529163798044634e-05, 2.106191478588663e-08, 3.613268768320849e-08, 1.883639630693269e-07, 4.873437425188896e-07, 1.5374645251861394e-06, 8.299367926354931e-07, 7.720353630384669e-07, 1.4706594891375597e-06, 4.8387840255370055e-06]",10
"value_norm__cwt_coefficients__coeff_2__w_10__widths_(2, 5, 10, 20)",0.0007354498815247,"[0.0011187543600347162, 0.0007700525491957095, 4.860156088872589e-05, 0.0010043910559796923]",4
"value_norm__cwt_coefficients__coeff_2__w_20__widths_(2, 5, 10, 20)",3.6933035181881206e-06,"[1.8414058494394634e-05, 3.502739692734666e-08, 8.91922881838259e-08, 2.492324253669092e-07, 9.510227194631089e-07, 3.5899697414802814e-06, 1.0885526827329426e-06, 8.471914316814886e-07, 2.8203878511321725e-06, 8.848400150518497e-06]",10
"value_norm__cwt_coefficients__coeff_3__w_10__widths_(2, 5, 10, 20)",5.638323323229946e-05,[5.638323323229946e-05],1
"value_norm__cwt_coefficients__coeff_3__w_20__widths_(2, 5, 10, 20)",4.489977539322874e-06,"[2.1475934365666632e-05, 4.73538867041505e-08, 1.1638992368373868e-07, 3.289008457006781e-07, 1.3833670839224118e-06, 4.175553813908253e-06, 1.1908387391191978e-06, 9.293682814476253e-07, 4.201168831060107e-06, 1.1050899622015945e-05]",10
"value_norm__cwt_coefficients__coeff_4__w_10__widths_(2, 5, 10, 20)",0.0001084420267287,[0.00010844202672875589],1
"value_norm__cwt_coefficients__coeff_4__w_20__widths_(2, 5, 10, 20)",5.81165800173088e-06,"[2.501867998591066e-05, 7.779290727309787e-08, 1.8045515618029323e-07, 4.3289222622861343e-07, 2.193468921867996e-06, 7.0332932998785794e-06, 1.302339404382956e-06, 8.471914316814886e-07, 7.259365144796827e-06, 1.3771101539108287e-05]",10
"value_norm__cwt_coefficients__coeff_5__w_10__widths_(2, 5, 10, 20)",0.0001250095716378,[0.00012500957163784143],1
"value_norm__cwt_coefficients__coeff_5__w_20__widths_(2, 5, 10, 20)",7.019631127713237e-06,"[2.501867998591066e-05, 1.397180363480912e-07, 2.551291565103575e-07, 6.802893146167151e-07, 4.5078124636568455e-06, 1.0895595867079248e-05, 1.5562161689822726e-06, 8.471914316814886e-07, 1.1483734313598519e-05, 1.4811944538748167e-05]",10
"value_norm__cwt_coefficients__coeff_6__w_10__widths_(2, 5, 10, 20)",0.0001341617465801,[0.00013416174658013267],1
"value_norm__cwt_coefficients__coeff_6__w_20__widths_(2, 5, 10, 20)",8.386850324516753e-06,"[3.139166237281396e-05, 1.6941822804346155e-07, 3.2991603300117514e-07, 7.440035761679696e-07, 5.873670473821395e-06, 1.3518020648304098e-05, 1.857320740745866e-06, 7.03322860810788e-07, 1.5510066772350523e-05, 1.3771101539108287e-05]",10
"value_norm__cwt_coefficients__coeff_7__w_10__widths_(2, 5, 10, 20)",0.0001543920849773,[0.00015439208497730663],1
"value_norm__cwt_coefficients__coeff_7__w_20__widths_(2, 5, 10, 20)",1.1255476703631982e-05,"[3.928826187061628e-05, 1.864724718499645e-07, 5.957650292745299e-07, 7.440035761679696e-07, 6.4111698064638095e-06, 2.2175554094555466e-05, 1.7003741581757531e-06, 6.405221415762538e-07, 1.7997073012073733e-05, 2.2815570875566082e-05]",10
"value_norm__cwt_coefficients__coeff_7__w_2__widths_(2, 5, 10, 20)",0.0001384113517313,[0.00013841135173131065],1
"value_norm__cwt_coefficients__coeff_8__w_10__widths_(2, 5, 10, 20)",0.0001655526036275,[0.0001655526036275944],1
"value_norm__cwt_coefficients__coeff_8__w_20__widths_(2, 5, 10, 20)",1.384278014491021e-05,"[4.904682295233237e-05, 1.864724718499645e-07, 1.0626510371165079e-06, 7.440035761679696e-07, 6.4111698064638095e-06, 2.549009456693062e-05, 1.4238464645532794e-06, 5.30735915582563e-07, 3.22884041513511e-05, 2.1243600506753894e-05]",10
"value_norm__cwt_coefficients__coeff_8__w_2__widths_(2, 5, 10, 20)",4.6136186050955126e-05,[4.6136186050955126e-05],1
"value_norm__cwt_coefficients__coeff_9__w_10__widths_(2, 5, 10, 20)",0.0001774689060222,[0.00017746890602221647],1
"value_norm__cwt_coefficients__coeff_9__w_20__widths_(2, 5, 10, 20)",1.5252893077089677e-05,"[5.678479595834593e-05, 2.0518070920731496e-07, 1.1530711128273789e-06, 8.891122050844713e-07, 7.630668606261066e-06, 2.377793148661033e-05, 1.7003741581757531e-06, 5.831434533908341e-07, 4.002957152425334e-05, 1.9775081556740314e-05]",10
"value_norm__cwt_coefficients__coeff_9__w_2__widths_(2, 5, 10, 20)",0.0003918327231177,"[0.0006847760486521223, 9.88893975834441e-05]",2
value_norm__energy_ratio_by_chunks__num_segments_10__segment_focus_1,1.7659048762468244e-05,"[2.106191478588663e-08, 1.3779871171692918e-05, 2.2708913902815485e-07, 7.15513843351725e-07, 2.028136541948033e-06, 1.0191922143990462e-06, 0.00010582247651207195]",7
value_norm__energy_ratio_by_chunks__num_segments_10__segment_focus_2,5.3253912814242535e-05,"[5.6927926051291184e-06, 7.488934922473457e-05, 8.891122050844713e-07, 3.7364609955923535e-05, 3.9725825245671636e-07, 2.7209998781536314e-07, 0.00025327216746855397]",7
value_norm__energy_ratio_by_chunks__num_segments_10__segment_focus_3,6.59946621794384e-05,"[3.874273397907018e-08, 0.00035285351343572165, 1.3809819142665687e-06, 4.124433063674461e-06, 2.106042918018927e-05, 1.6509872748799388e-05]",6
value_norm__energy_ratio_by_chunks__num_segments_10__segment_focus_4,0.0002221330170502,"[3.1658642591296486e-08, 2.068525106476932e-07, 5.367195952029879e-07, 0.0006293116292942724, 0.0004805782252084892]",5
"value_norm__fft_coefficient__attr_""abs""__coeff_10",1.129539546975611e-05,"[1.3471904327583268e-06, 2.1243600506753894e-05]",2
"value_norm__fft_coefficient__attr_""abs""__coeff_11",6.210763775594892e-05,"[3.146963979542481e-06, 5.764704476527873e-05, 0.00012552890452302554]",3
"value_norm__fft_coefficient__attr_""abs""__coeff_12",0.0001008873497302,[0.00010088734973027149],1
"value_norm__fft_coefficient__attr_""abs""__coeff_5",0.0002814868459936,[0.0002814868459936689],1
"value_norm__fft_coefficient__attr_""abs""__coeff_6",9.603765278947044e-05,"[2.028136541948033e-06, 0.0003989412851297698, 1.6435848518162952e-06, 7.15513843351725e-07, 0.00010428614912958152, 6.86112472403552e-05]",6
"value_norm__fft_coefficient__attr_""abs""__coeff_7",1.592754016234742e-05,[1.592754016234742e-05],1
"value_norm__fft_coefficient__attr_""abs""__coeff_8",0.0002244322066584,"[0.00041882370737971386, 3.0040705937091366e-05]",2
"value_norm__fft_coefficient__attr_""abs""__coeff_9",0.0003091341113426,"[2.0663475383518243e-06, 0.0008688965045777253, 5.64394819118591e-05]",3
"value_norm__fft_coefficient__attr_""angle""__coeff_1",3.195036525531027e-05,"[9.398590420380336e-05, 1.0439854321139711e-07, 6.475972554161687e-07, 5.19142793923418e-07, 4.124433063674461e-06, 0.00011823981190300548, 1.302339404382956e-06, 7.03322860810788e-07, 5.697577396175735e-05, 4.2900928563117333e-05]",10
"value_norm__fft_coefficient__attr_""angle""__coeff_2",3.483477538541171e-05,[3.483477538541171e-05],1
"value_norm__fft_coefficient__attr_""angle""__coeff_3",0.0004208588862223,"[0.00021322931832229135, 0.0006284884541224486]",2
"value_norm__fft_coefficient__attr_""angle""__coeff_4",7.390707003730725e-05,"[0.0005081427929353942, 1.1324200400627192e-08, 4.256589695084606e-07, 1.0612801158999343e-06, 7.869608789640986e-07, 0.0001431256614195767, 9.382591501339204e-06, 5.080594898472942e-06, 1.0645553062925713e-05, 6.040828239059062e-05]",10
"value_norm__fft_coefficient__attr_""angle""__coeff_5",0.0002126780762788,"[1.9451075012243494e-05, 0.0003317241200745769, 0.00025014067026243734, 0.0005116038591274505, 0.00010428614912958152, 5.8862584066539226e-05]",6
"value_norm__fft_coefficient__attr_""angle""__coeff_8",0.0002695673517608,[0.00026956735176082594],1
"value_norm__fft_coefficient__attr_""angle""__coeff_9",0.0002627588284606,"[4.5563499007653114e-05, 0.0009259818247019381, 1.0248437665756661e-05, 8.018894907653658e-05, 0.0005142583335094868, 3.1192680241211875e-07]",6
"value_norm__fft_coefficient__attr_""imag""__coeff_1",0.0001881237861886,"[0.00019877866635511, 0.00017746890602221647]",2
"value_norm__fft_coefficient__attr_""imag""__coeff_10",6.464036112750098e-05,[6.464036112750098e-05],1
"value_norm__fft_coefficient__attr_""imag""__coeff_12",7.396051515819355e-05,[7.396051515819355e-05],1
"value_norm__fft_coefficient__attr_""imag""__coeff_2",1.2727603322297312e-05,"[4.5563499007653114e-05, 3.502739692734666e-08, 2.146761307675084e-07, 4.3289222622861343e-07, 2.4029168363711224e-06, 3.358453401136815e-05, 1.7003741581757531e-06, 8.471914316814886e-07, 1.7997073012073733e-05, 2.449784901172631e-05]",10
"value_norm__fft_coefficient__attr_""imag""__coeff_3",1.1227922959972666e-05,"[4.2315654133713495e-05, 1.268233898268285e-07, 4.256589695084606e-07, 1.560592604897945e-07, 1.8259358754515698e-06, 2.067629152645882e-05, 1.5387665068868673e-07, 6.167815294935004e-08, 4.298010871816262e-05, 3.557142922477037e-06]",10
"value_norm__fft_coefficient__attr_""imag""__coeff_4",2.5443503331612326e-06,"[2.106191478588663e-08, 6.802893146167151e-07, 7.869608789640986e-07, 7.318404368811969e-06, 3.915035188627492e-06]",5
"value_norm__fft_coefficient__attr_""imag""__coeff_5",6.818143255248022e-05,"[0.0002278391443129334, 9.529015220997116e-06, 0.0001623726607348501, 1.857320740745866e-06, 3.0082847489959526e-06, 4.48216955635884e-06]",6
"value_norm__fft_coefficient__attr_""imag""__coeff_6",0.000301499650011,[0.0003014996500110326],1
"value_norm__fft_coefficient__attr_""imag""__coeff_7",0.0002009971773617,"[0.00028239660307787716, 2.668401877556935e-05, 4.638940515703704e-05, 0.000672673514380357, 4.501647960674971e-06, 0.00017333787481877097]",6
"value_norm__fft_coefficient__attr_""imag""__coeff_9",0.0006538360286881,"[0.0011908454358952876, 0.0007700525491957095, 6.101009736004564e-07]",3
"value_norm__fft_coefficient__attr_""real""__coeff_1",4.509335004950267e-05,"[0.00010088734973027149, 1.6941822804346155e-07, 1.0626510371165079e-06, 6.218493377375788e-07, 5.873670473821395e-06, 0.00017288550099736277, 9.087522771002087e-07, 4.828845824677323e-07, 9.88893975834441e-05, 6.915202624766157e-05]",10
"value_norm__fft_coefficient__attr_""real""__coeff_10",0.0003645345810112,"[0.0007262524060905059, 2.8167559320099205e-06]",2
"value_norm__fft_coefficient__attr_""real""__coeff_11",9.49077703070007e-05,"[0.0001881955806481972, 1.6199599658042164e-06]",2
"value_norm__fft_coefficient__attr_""real""__coeff_12",1.8414058494394634e-05,[1.8414058494394634e-05],1
"value_norm__fft_coefficient__attr_""real""__coeff_13",0.0005416631136245,[0.0005416631136245149],1
"value_norm__fft_coefficient__attr_""real""__coeff_16",0.0004671972445568,"[0.0008688965045777253, 6.549798453605155e-05]",2
"value_norm__fft_coefficient__attr_""real""__coeff_2",0.0001478361507918,"[0.000697425628817425, 1.6941822804346155e-07, 2.377585149367114e-06, 6.218493377375788e-07, 9.070154975971658e-06, 0.0003604244869987212, 2.2139885475309257e-06, 7.720353630384669e-07, 0.00030215651239722115, 0.00010312984810297097]",10
"value_norm__fft_coefficient__attr_""real""__coeff_25",1.4589013463308344e-05,[1.4589013463308344e-05],1
"value_norm__fft_coefficient__attr_""real""__coeff_26",9.398590420380336e-05,[9.398590420380336e-05],1
"value_norm__fft_coefficient__attr_""real""__coeff_3",2.3567233646373136e-05,"[0.0001335720179941856, 1.0200600379939752e-08, 3.028994214748312e-07, 2.492324253669092e-07, 5.909016801761945e-07, 4.7157696950626405e-05, 2.028136541948033e-06, 1.0191922143990462e-06, 7.84113007205707e-06, 4.2900928563117333e-05]",10
"value_norm__fft_coefficient__attr_""real""__coeff_31",0.0004287471332497,"[0.0008162946380204433, 4.1199628479111347e-05]",2
"value_norm__fft_coefficient__attr_""real""__coeff_4",5.461032703034271e-06,"[2.501867998591066e-05, 7.048378501568877e-08, 3.592518052163797e-07, 2.9994307105063213e-07, 2.4029168363711224e-06, 1.6626489086208848e-06, 2.256968800207933e-07, 1.5157629409330284e-07, 2.415601950870785e-05, 2.631099553354019e-07]",10
"value_norm__fft_coefficient__attr_""real""__coeff_5",0.0001247945112057,"[5.2328542492606573e-08, 3.2593980736687628e-06, 1.5179730515475942e-06, 0.0003956460973835341, 0.0002234967589775752]",5
"value_norm__fft_coefficient__attr_""real""__coeff_8",8.375226430406569e-05,"[0.00010826521494785034, 0.00011216933002352663, 0.00016547323033497293, 3.135815812586052e-05, 1.4953880881179643e-06]",5
"value_norm__fft_coefficient__attr_""real""__coeff_9",0.0004142644948795,[0.0004142644948795967],1
value_norm__first_location_of_maximum,1.7114933448343106e-05,"[3.560307990948639e-07, 5.7743240782116865e-06, 4.5214445467722766e-05]",3
value_norm__first_location_of_minimum,0.0001214298215221,"[6.145436243022691e-07, 9.588901771277844e-05, 8.030097202751352e-06, 2.482198345362072e-05, 0.0004777934656173493]",5
value_norm__fourier_entropy__bins_100,0.0001102685696617,"[3.8708144503993437e-07, 0.0002148529414309568, 0.00011556568610939098]",3
value_norm__fourier_entropy__bins_3,3.4761509440866575e-05,"[1.504047601414318e-06, 3.6671585296259154e-05, 6.610889542492625e-05]",3
value_norm__fourier_entropy__bins_5,0.0001314173522197,"[0.0003985235044100783, 4.591211404049102e-05, 1.999529980988489e-06, 5.038158327582872e-07, 0.0003191096757656492, 5.9897698975877164e-05, 4.825837771253885e-05, 3.0576353596291034e-05, 5.014316273142297e-05, 0.0003592492891513048]",10
value_norm__index_mass_quantile__q_0.1,0.0001247793552372,"[0.00015222762688648527, 1.83900773416594e-05, 0.0002974661454193912, 2.4304300904794936e-05, 9.13759417473089e-05, 1.748651413376672e-06, 1.439414173459976e-06, 0.00041128268401121335]",8
value_norm__index_mass_quantile__q_0.2,0.0001066201116998,"[0.0003881234185740242, 2.6672672115259465e-07, 6.166108789680393e-06, 1.141138023144535e-06, 1.1065390417905277e-05, 1.400579333365544e-06, 8.348745545518326e-07, 0.00034965995919180497, 0.00020092280969260121]",9
value_norm__index_mass_quantile__q_0.3,3.486438392249703e-05,"[8.4038114377074e-08, 2.422206473328959e-05, 6.142468018129333e-07, 3.710619432987579e-06, 3.086470253239951e-06, 2.0818169256596574e-06, 0.0002102514311961124]",7
value_norm__index_mass_quantile__q_0.4,2.150699234346181e-05,"[5.637261926000198e-08, 1.6799008776737037e-05, 6.995392341324316e-07, 3.397882734730495e-06, 3.845226528953734e-06, 2.4939996172914424e-06, 0.00012325691689312756]",7
value_norm__kurtosis,0.0002286621450337,[0.0002286621450337301],1
value_norm__last_location_of_maximum,1.7114933448343106e-05,"[3.560307990948639e-07, 5.7743240782116865e-06, 4.5214445467722766e-05]",3
value_norm__last_location_of_minimum,0.000184095975673,"[5.870999281705575e-07, 0.00014715103410327572, 1.4644019807788216e-05, 4.381357320778037e-05, 0.0007142841513180912]",5
value_norm__lempel_ziv_complexity__bins_10,0.0003557957605661,"[9.65841863347908e-05, 0.0006150073347974593]",2
value_norm__lempel_ziv_complexity__bins_100,0.0002825091280525,"[1.3373479714418144e-06, 1.4992416825552432e-05, 0.00011515641922007332, 0.0008993160368082939, 0.0002673705890468836, 0.00039688195844327]",6
"value_norm__linear_trend__attr_""intercept""",0.0001913932312931,"[7.768432865321709e-05, 0.0005731833624416958, 8.132162372884459e-05, 0.0004152458432753091, 5.248754044672241e-07, 3.9935425517717797e-07]",6
"value_norm__linear_trend__attr_""pvalue""",0.0001913932312931,"[7.768432865321709e-05, 0.0005731833624416958, 8.132162372884459e-05, 0.0004152458432753091, 5.248754044672241e-07, 3.9935425517717797e-07]",6
"value_norm__linear_trend__attr_""rvalue""",0.0001913932312931,"[7.768432865321709e-05, 0.0005731833624416958, 8.132162372884459e-05, 0.0004152458432753091, 5.248754044672241e-07, 3.9935425517717797e-07]",6
"value_norm__linear_trend__attr_""slope""",0.0001913932312931,"[7.768432865321709e-05, 0.0005731833624416958, 8.132162372884459e-05, 0.0004152458432753091, 5.248754044672241e-07, 3.9935425517717797e-07]",6
"value_norm__linear_trend__attr_""stderr""",0.0001913932312931,"[7.768432865321709e-05, 0.0005731833624416958, 8.132162372884459e-05, 0.0004152458432753091, 5.248754044672241e-07, 3.9935425517717797e-07]",6
value_norm__longest_strike_below_mean,1.2060245678319668e-05,"[8.379480190387184e-05, 8.985463395540252e-09, 1.0921419975838787e-07, 2.0490729664262747e-07, 5.304437580342754e-07, 1.1188678024034053e-05, 1.924666001396045e-06, 1.0586412862524486e-06, 5.4774935788161966e-06, 1.6304625270995264e-05]",10
"value_norm__matrix_profile__feature_""median""__threshold_0.98",0.0004245267878261,[0.0004245267878261368],1
value_norm__maximum,1.908319362953335e-05,"[3.7228197221932115e-06, 4.860156088872589e-05, 4.92520027768095e-06]",3
value_norm__mean_abs_change,0.0001008873497302,[0.00010088734973027149],1
value_norm__number_cwt_peaks__n_1,8.000213708517208e-06,"[4.000170015070557e-07, 7.597120242954176e-07, 2.284091209974915e-05]",3
value_norm__number_cwt_peaks__n_5,0.0002697712212176,"[7.411662253441786e-05, 3.721985996402128e-05, 0.0006979771811546528]",3
value_norm__number_peaks__n_1,1.2546241839097191e-05,[1.2546241839097191e-05],1
value_norm__number_peaks__n_10,0.0003708622439682,"[0.0006682414139815873, 1.3476627885851227e-05, 0.0004308686900372691]",3
value_norm__number_peaks__n_3,0.0010555238134351,[0.001055523813435106],1
value_norm__number_peaks__n_5,0.000320457453581,"[4.934630564450539e-05, 1.714972479232705e-05, 0.0008948763303064166]",3
value_norm__number_peaks__n_50,0.0003770384346722,"[0.0006816809156179509, 3.0349298888285802e-05, 0.00041908508951059797]",3
value_norm__partial_autocorrelation__lag_2,0.0009401542097383,"[0.0005519794655911146, 0.0013283289538855779]",2
value_norm__partial_autocorrelation__lag_3,0.0004862556117313,"[0.0003014996500110326, 0.0006710115734516745]",2
value_norm__percentage_of_reoccurring_datapoints_to_all_datapoints,3.19163917515653e-05,"[5.448250481173709e-07, 1.3511718354702481e-05, 8.169263185187605e-05]",3
value_norm__percentage_of_reoccurring_values_to_all_values,3.19163917515653e-05,"[5.448250481173709e-07, 1.3511718354702481e-05, 8.169263185187605e-05]",3
value_norm__permutation_entropy__dimension_3__tau_1,0.0001270275272155,"[0.00026260310015534927, 5.1477802496637e-07, 0.00011162211642684348, 9.36899293419355e-06, 0.0001721330613579485, 0.0001247103626637402, 0.000192402781897853, 0.00014286502426341422]",8
value_norm__permutation_entropy__dimension_4__tau_1,0.0003136653834634,"[1.6309383570035588e-06, 0.00038699806927498456, 5.3669358265057016e-05, 0.00030075080690600774, 0.0006706389498625448, 0.0004683041781149529]",6
value_norm__permutation_entropy__dimension_5__tau_1,0.0004604015712241,"[8.053319926331027e-06, 0.0009402351842906093, 7.982297722471983e-05, 0.0008134948034547924]",4
value_norm__permutation_entropy__dimension_6__tau_1,0.0002309373149655,"[1.9343828943935826e-05, 8.521286621319213e-05, 0.0005882552497394981]",3
value_norm__permutation_entropy__dimension_7__tau_1,0.0001592022627611,"[3.859894887805783e-05, 6.999517609233801e-05, 0.00036901266331297003]",3
value_norm__quantile__q_0.1,8.778239780947484e-05,"[2.279605341874671e-05, 0.0001881955806481972, 5.235555936148062e-05]",3
value_norm__quantile__q_0.7,0.0002522329590281,"[0.0004231442943275002, 8.132162372884459e-05]",2
value_norm__quantile__q_0.9,7.406122362174629e-05,"[0.00015086750812133305, 5.339876905066679e-05, 1.7917393693239025e-05]",3
value_norm__ratio_beyond_r_sigma__r_0.5,0.001060836407624,"[0.0009842787869894746, 0.0011373940282586432]",2
value_norm__ratio_beyond_r_sigma__r_2.5,0.0003738455922941,"[0.00039794245952474685, 0.00032502503122414415, 0.0003985692861335606]",3
value_norm__ratio_beyond_r_sigma__r_3,0.0001736948984232,[0.00017369489842328952],1
value_norm__ratio_value_number_to_time_series_length,3.19163917515653e-05,"[5.448250481173709e-07, 1.3511718354702481e-05, 8.169263185187605e-05]",3
value_norm__sample_entropy,0.0002629096681833,"[0.0003956460973835341, 0.0003989412851297698, 0.00011216933002352663, 0.0001448819601964427]",4
value_norm__skewness,4.586653579640261e-05,[4.586653579640261e-05],1
value_norm__spkt_welch_density__coeff_2,0.0001510361298082,"[6.209317167155153e-05, 0.0002399790879449135]",2
value_norm__spkt_welch_density__coeff_5,0.0001444490468215,"[9.326564807831961e-09, 0.0003752364998274091, 0.00030089482991005096, 7.318404368811969e-06, 0.00013463676896353382, 0.00019248598455731862, 5.615135591864613e-07]",7
value_norm__spkt_welch_density__coeff_8,0.0001781193735377,"[1.065310405234932e-05, 0.00034558564302320167]",2
value_norm__sum_of_reoccurring_data_points,0.0001865033675058,"[0.00013932704066558737, 0.00023367969434613835]",2
