Feature,Mean P Value,P Values
value__abs_energy,3.6475939284485323e-09,"[3.4676628301402543e-09, 4.4606595815783903e-10, 2.9454720612496447e-09, 1.3943474675100325e-08, 3.4676628301402543e-09, 3.1477818686460655e-10, 3.7364008822032e-10, 6.8426474597244575e-09, 2.1591350908897815e-09, 2.5154001039978473e-09]"
value__absolute_sum_of_changes,2.2652651814676736e-09,"[2.0752058675688507e-09, 5.470874312928451e-10, 1.777674703166329e-09, 6.695209610222007e-09, 1.686680765879966e-09, 3.1477818686460655e-10, 3.7364008822032e-10, 6.8426474597244575e-09, 1.0871989462508233e-09, 1.2525287554865284e-09]"
"value__agg_linear_trend__attr_""intercept""__chunk_len_10__f_agg_""max""",2.674545278245037e-07,"[2.1594877632076445e-07, 1.5696438991862516e-07, 1.5968314431324738e-06, 1.268233898268285e-07, 3.366858547801702e-08, 1.2303944618288545e-09, 2.4207608930213337e-09, 2.0337757206845937e-07, 1.2260383537751037e-07, 2.146761307675084e-07]"
"value__agg_linear_trend__attr_""intercept""__chunk_len_10__f_agg_""mean""",2.679104204226571e-06,"[1.2414128368460458e-06, 1.6199599658042164e-06, 1.9378797431909327e-05, 2.7283834121940214e-07, 1.250875847891082e-07, 3.4789880728297974e-09, 9.954792498068972e-09, 1.469431315184621e-06, 4.7398054921311486e-07, 2.1961002367289765e-06]"
"value__agg_linear_trend__attr_""intercept""__chunk_len_10__f_agg_""min""",0.0001277086166649065,"[7.039988052676698e-05, 9.65427049379624e-05, 0.0009645664188989097, 1.4238464645532794e-06, 9.479056423406154e-06, 7.894882093027883e-08, 9.564611047067798e-07, 7.404045356742314e-05, 6.340175181774393e-06, 5.325822072263234e-05]"
"value__agg_linear_trend__attr_""intercept""__chunk_len_10__f_agg_""var""",2.046495878977649e-09,"[1.5199843322035753e-09, 4.4606595815783903e-10, 1.3088570156873292e-09, 6.02164459456049e-09, 1.5199843322035753e-09, 3.1477818686460655e-10, 3.7364008822032e-10, 6.8426474597244575e-09, 9.847309599077577e-10, 1.132625862246542e-09]"
"value__agg_linear_trend__attr_""intercept""__chunk_len_50__f_agg_""max""",2.8889435532855974e-08,"[3.704359844082576e-08, 1.5090599555677572e-08, 3.033073133024399e-08, 1.268233898268285e-07, 3.059266333834309e-08, 3.1477818686460655e-10, 3.7364008822032e-10, 6.8426474597244575e-09, 2.0724983216369365e-08, 2.075732388546212e-08]"
"value__agg_linear_trend__attr_""intercept""__chunk_len_50__f_agg_""mean""",3.063864294945948e-06,"[2.2313107135563176e-06, 1.6199599658042164e-06, 1.7997073012073733e-05, 1.1908387391191978e-06, 1.1409719655765963e-07, 1.9618819833107766e-08, 5.0586994480577774e-08, 3.587024492997101e-06, 1.2547107470703867e-06, 2.5734222679671848e-06]"
"value__agg_linear_trend__attr_""intercept""__chunk_len_50__f_agg_""min""",0.00020739410517384415,"[0.00040326161098617217, 3.483477538541171e-05, 0.000413783149616064, 0.00019877866635511, 0.0003783424351933559, 8.660251915180753e-05, 2.9272489364854202e-05, 0.0001078443398958274, 0.00021382696061599432]"
"value__agg_linear_trend__attr_""intercept""__chunk_len_50__f_agg_""var""",3.642132349982796e-09,"[1.871142713963921e-09, 9.073950503566544e-10, 1.6056362575813894e-09, 1.546509899245518e-08, 1.5199843322035753e-09, 4.668340787530142e-10, 5.577316697768161e-10, 1.051571789037533e-08, 2.379156652115533e-09, 1.132625862246542e-09]"
"value__agg_linear_trend__attr_""intercept""__chunk_len_5__f_agg_""max""",7.59760823092727e-07,"[5.248897352987752e-07, 5.166673958050769e-07, 5.319211654320112e-06, 1.268233898268285e-07, 5.4134464988319395e-08, 1.980298973932494e-09, 5.180558538288055e-09, 5.30735915582563e-07, 1.587330123769949e-07, 3.592518052163797e-07]"
"value__agg_linear_trend__attr_""intercept""__chunk_len_5__f_agg_""mean""",2.491756435753994e-06,"[1.140420162610734e-06, 1.6199599658042164e-06, 1.7997073012073733e-05, 2.256968800207933e-07, 1.0404391707838897e-07, 3.818475127298921e-09, 1.0917878513946028e-08, 1.469431315184621e-06, 4.7398054921311486e-07, 1.8722222019130924e-06]"
"value__agg_linear_trend__attr_""intercept""__chunk_len_5__f_agg_""min""",1.2147475166395762e-05,"[5.9103375381993056e-06, 1.026424269942433e-05, 9.238672466384252e-05, 2.481886054002515e-07, 4.808734777483949e-07, 1.3725138643343996e-08, 7.837570366640831e-08, 7.794672110387856e-06, 7.745361781285679e-07, 3.523075548516648e-06]"
"value__agg_linear_trend__attr_""intercept""__chunk_len_5__f_agg_""var""",2.046495878977649e-09,"[1.5199843322035753e-09, 4.4606595815783903e-10, 1.3088570156873292e-09, 6.02164459456049e-09, 1.5199843322035753e-09, 3.1477818686460655e-10, 3.7364008822032e-10, 6.8426474597244575e-09, 9.847309599077577e-10, 1.132625862246542e-09]"
"value__agg_linear_trend__attr_""rvalue""__chunk_len_10__f_agg_""max""",1.7149331915666194e-05,"[2.7477349514013358e-05, 2.2815570875566082e-05, 0.00010582247651207195, 2.7283834121940214e-07, 4.29027094676645e-06, 1.9873487931070238e-07, 1.4213681798336781e-06, 1.469431315184621e-06, 1.3365867050448532e-07, 7.591619922191232e-06]"
"value__agg_linear_trend__attr_""rvalue""__chunk_len_10__f_agg_""mean""",2.992608090407807e-05,"[4.586151236329557e-05, 3.483477538541171e-05, 0.00019248598455731862, 3.6180953174684756e-07, 6.398809496585656e-06, 3.250073824531397e-07, 2.450374605926336e-06, 2.5197241302940228e-06, 2.429404160559221e-07, 1.3779871171692918e-05]"
"value__agg_linear_trend__attr_""rvalue""__chunk_len_10__f_agg_""min""",0.00015076522774432017,"[0.00018429290330695884, 0.0001524581852331187, 0.0010841038618659518, 4.784769392129079e-07, 2.1971986945649416e-05, 7.838785481600337e-07, 7.0332932998785794e-06, 9.22975376994431e-06, 9.105323772900637e-07, 4.638940515703704e-05]"
"value__agg_linear_trend__attr_""rvalue""__chunk_len_10__f_agg_""var""",0.00019631914333146999,"[0.0001524581852331187, 3.4165344168226034e-06, 4.649900536639932e-06, 0.00012650100639449195, 0.0006863088522429831, 0.00044896464530024157, 2.881497223809972e-05, 0.00011943905028936258]"
"value__agg_linear_trend__attr_""rvalue""__chunk_len_50__f_agg_""max""",6.989214345765224e-07,"[9.616271437704816e-07, 7.814118526216551e-07, 2.2136620333775005e-06, 5.248754044672241e-07, 9.616271437704816e-07, 7.976056178432314e-09, 2.7131917644028688e-08, 2.241730106035564e-07, 1.3365867050448532e-07, 1.1530711128273789e-06]"
"value__agg_linear_trend__attr_""rvalue""__chunk_len_50__f_agg_""mean""",4.046341487317346e-05,"[2.7477349514013358e-05, 8.454184791065285e-05, 5.311938252740829e-05, 5.339876905066679e-05, 6.109402446976773e-05, 3.524916726278336e-07, 3.0835864871367753e-06, 1.469431315184621e-06, 6.58215494913809e-07, 0.00011943905028936258]"
"value__agg_linear_trend__attr_""rvalue""__chunk_len_50__f_agg_""min""",0.0005900532183468303,"[0.0014476080728198192, 0.0004962223680912059, 0.0014336659674427344, 8.67907696754213e-06, 3.84955630287026e-05, 0.00015585806953176794, 0.0005498434105460394]"
"value__agg_linear_trend__attr_""rvalue""__chunk_len_5__f_agg_""max""",1.718904658014809e-05,"[1.890362512322516e-05, 1.71229505433962e-05, 0.0001210872830404716, 2.7283834121940214e-07, 3.364335536199673e-06, 2.1583686061985315e-07, 1.4213681798336781e-06, 2.304960487458526e-06, 1.587330123769949e-07, 7.0385346766798e-06]"
"value__agg_linear_trend__attr_""rvalue""__chunk_len_5__f_agg_""mean""",3.8111354228809643e-05,"[3.9670769209710635e-05, 3.734828188654022e-05, 0.00028352415776931704, 2.7283834121940214e-07, 3.6493252083791962e-06, 3.524916726278336e-07, 2.646122531667099e-06, 3.915035188627492e-06, 2.2322550065565822e-07, 9.511294979351776e-06]"
"value__agg_linear_trend__attr_""rvalue""__chunk_len_5__f_agg_""min""",6.31320303282284e-05,"[7.039988052676698e-05, 6.040828239059062e-05, 0.00046839394465738525, 3.6180953174684756e-07, 5.03830614422741e-06, 4.866077147684134e-07, 3.8721649138456015e-06, 6.035037015233297e-06, 3.6957401446232937e-07, 1.5954696373257256e-05]"
"value__agg_linear_trend__attr_""rvalue""__chunk_len_5__f_agg_""var""",0.0004188574537609711,"[0.00011759706478848226, 6.732624500322678e-06, 2.4236191684062455e-06, 0.0003542725440755343, 0.0016660369824079233, 0.0009953121883192625, 5.33795073889222e-05, 0.00015510509943891487]"
"value__agg_linear_trend__attr_""slope""__chunk_len_10__f_agg_""max""",1.9995376023101254e-08,"[1.5524682722865232e-08, 1.9943367416792822e-08, 6.379665499591245e-08, 1.3943474675100325e-08, 1.0472637120414613e-08, 6.258623083575867e-10, 1.2284561062250702e-09, 4.544307203674353e-08, 6.194821614721638e-09, 2.2780731233879258e-08]"
"value__agg_linear_trend__attr_""slope""__chunk_len_10__f_agg_""mean""",2.5592498721692908e-08,"[1.7118503819424523e-08, 3.158286148623396e-08, 7.662722865631793e-08, 1.546509899245518e-08, 1.4075383596166078e-08, 6.897904561497957e-10, 1.8126900401968901e-09, 6.167815294935004e-08, 6.807803482707294e-09, 3.0067473737927383e-08]"
"value__agg_linear_trend__attr_""slope""__chunk_len_10__f_agg_""min""",3.97087314711936e-08,"[2.291282539728647e-08, 6.505283068681062e-08, 1.2059976612278071e-07, 1.9007110699364325e-08, 1.7118503819424523e-08, 6.897904561497957e-10, 2.6645236560823014e-09, 1.0196764080799956e-07, 7.47961737677032e-09, 3.9594705689267343e-08]"
"value__agg_linear_trend__attr_""slope""__chunk_len_10__f_agg_""var""",0.000973555290598319,"[0.0015640406199310844, 0.0017214241735696064, 0.00021054732391872098, 0.00039820904497386465]"
"value__agg_linear_trend__attr_""slope""__chunk_len_50__f_agg_""max""",1.3490348211269127e-08,"[7.772781795784012e-09, 8.582132650381372e-09, 1.8894775463339022e-08, 3.1658642591296486e-08, 7.772781795784012e-09, 3.474917142456941e-10, 4.1314550012193317e-10, 3.338523549651362e-08, 1.3088558610384886e-08, 1.2987936494840224e-08]"
"value__agg_linear_trend__attr_""slope""__chunk_len_50__f_agg_""mean""",7.698597769993352e-09,"[6.362958658045673e-09, 5.3254038181530115e-09, 9.633257851246035e-09, 2.106191478588663e-08, 9.48452761608789e-09, 3.1477818686460655e-10, 5.577316697768161e-10, 1.6077830479197603e-08, 3.1784612417586968e-09, 4.98911339291656e-09]"
"value__agg_linear_trend__attr_""slope""__chunk_len_50__f_agg_""min""",5.038068267487939e-06,"[1.250875847891082e-07, 3.2917326105031046e-06, 1.4706594891375597e-06, 6.191854241185789e-06, 7.49409470270888e-06, 5.1419195341722874e-08, 7.837570366640831e-08, 1.1864507824292337e-05, 1.3586058075337394e-06, 1.8454345515720737e-05]"
"value__agg_linear_trend__attr_""slope""__chunk_len_5__f_agg_""max""",2.775391475921507e-08,"[1.4075383596166078e-08, 3.459849080002309e-08, 7.662722865631793e-08, 1.9007110699364325e-08, 1.2757873928104873e-08, 6.897904561497957e-10, 1.354431429904489e-09, 7.548834686020428e-08, 6.807803482707294e-09, 3.613268768320849e-08]"
"value__agg_linear_trend__attr_""slope""__chunk_len_5__f_agg_""mean""",3.257376413166064e-08,"[1.7118503819424523e-08, 3.78926138345335e-08, 9.194141610000084e-08, 1.9007110699364325e-08, 1.4075383596166078e-08, 7.600731643819108e-10, 1.8126900401968901e-09, 9.227277271218341e-08, 7.47961737677032e-09, 4.337745997358457e-08]"
"value__agg_linear_trend__attr_""slope""__chunk_len_5__f_agg_""min""",4.0085986662369496e-08,"[2.0796667265372773e-08, 5.438282963942825e-08, 1.3194607515265349e-07, 1.9007110699364325e-08, 1.4075383596166078e-08, 7.600731643819108e-10, 2.1987710090706225e-09, 1.0196764080799956e-07, 8.215725713068478e-09, 4.7509589576189455e-08]"
"value__agg_linear_trend__attr_""stderr""__chunk_len_10__f_agg_""max""",2.8296354744614198e-09,"[1.5199843322035753e-09, 4.4606595815783903e-10, 1.3088570156873292e-09, 1.2567704653012151e-08, 1.5199843322035753e-09, 6.258623083575867e-10, 3.7364008822032e-10, 6.8426474597244575e-09, 1.958982734800818e-09, 1.132625862246542e-09]"
"value__agg_linear_trend__attr_""stderr""__chunk_len_10__f_agg_""mean""",2.8296354744614198e-09,"[1.5199843322035753e-09, 4.4606595815783903e-10, 1.3088570156873292e-09, 1.2567704653012151e-08, 1.5199843322035753e-09, 6.258623083575867e-10, 3.7364008822032e-10, 6.8426474597244575e-09, 1.958982734800818e-09, 1.132625862246542e-09]"
"value__agg_linear_trend__attr_""stderr""__chunk_len_10__f_agg_""min""",2.916352024739049e-09,"[1.5199843322035753e-09, 4.940630034755131e-10, 1.3088570156873292e-09, 1.2567704653012151e-08, 1.5199843322035753e-09, 6.258623083575867e-10, 4.1314550012193317e-10, 7.622310505281462e-09, 1.958982734800818e-09, 1.132625862246542e-09]"
"value__agg_linear_trend__attr_""stderr""__chunk_len_10__f_agg_""var""",4.0797510363193787e-08,"[1.5199843322035753e-09, 1.03689023280167e-08, 1.3088570156873292e-09, 1.6941822804346155e-07, 1.5199843322035753e-09, 7.280322498533285e-09, 8.270048278874665e-09, 1.8445240128659015e-07, 2.27037496541205e-08, 1.132625862246542e-09]"
"value__agg_linear_trend__attr_""stderr""__chunk_len_50__f_agg_""max""",2.658288860468596e-08,"[4.480556662472861e-08, 4.837025724162202e-09, 3.658457704543502e-08, 5.7808081678486176e-08, 2.5237375661712677e-08, 9.566735333468726e-09, 6.161086405170453e-10, 6.8426474597244575e-09, 6.654283138378442e-08, 1.2987936494840224e-08]"
"value__agg_linear_trend__attr_""stderr""__chunk_len_50__f_agg_""mean""",4.969369672438906e-09,"[8.587284489072e-09, 5.470874312928451e-10, 7.1889805191778494e-09, 9.185663033875053e-09, 5.754678565967082e-09, 1.980298973932494e-09, 3.7364008822032e-10, 6.8426474597244575e-09, 5.125719524970274e-09, 4.107696638156694e-09]"
"value__agg_linear_trend__attr_""stderr""__chunk_len_50__f_agg_""min""",0.0003327370434848585,"[6.248654796072773e-07, 4.925564849413006e-07, 0.0010507169624109944, 8.106853663153651e-06, 0.0005624846459257412, 3.84955630287026e-05, 0.0012060824243594124, 0.00011046831647734379, 1.7161203533829697e-05]"
"value__agg_linear_trend__attr_""stderr""__chunk_len_50__f_agg_""var""",4.808027920181268e-08,"[1.5524682722865232e-08, 2.2206271492828637e-09, 1.2877965769616659e-08, 9.46765862449809e-08, 4.480556662472861e-08, 7.249377215276217e-08, 5.180558538288055e-09, 5.033009131749098e-08, 1.729196436623916e-07, 9.773297835719823e-09]"
"value__agg_linear_trend__attr_""stderr""__chunk_len_5__f_agg_""max""",3.1765745906528365e-09,"[1.5199843322035753e-09, 5.470874312928451e-10, 1.3088570156873292e-09, 1.3943474675100325e-08, 1.5199843322035753e-09, 6.897904561497957e-10, 4.5671805462521374e-10, 8.488088656129379e-09, 2.1591350908897815e-09, 1.132625862246542e-09]"
"value__agg_linear_trend__attr_""stderr""__chunk_len_5__f_agg_""mean""",3.0125895380559017e-09,"[1.5199843322035753e-09, 5.470874312928451e-10, 1.3088570156873292e-09, 1.2567704653012151e-08, 1.5199843322035753e-09, 6.258623083575867e-10, 4.5671805462521374e-10, 8.488088656129379e-09, 1.958982734800818e-09, 1.132625862246542e-09]"
"value__agg_linear_trend__attr_""stderr""__chunk_len_5__f_agg_""min""",3.0125895380559017e-09,"[1.5199843322035753e-09, 5.470874312928451e-10, 1.3088570156873292e-09, 1.2567704653012151e-08, 1.5199843322035753e-09, 6.258623083575867e-10, 4.5671805462521374e-10, 8.488088656129379e-09, 1.958982734800818e-09, 1.132625862246542e-09]"
"value__agg_linear_trend__attr_""stderr""__chunk_len_5__f_agg_""var""",4.714383388115686e-08,"[1.5199843322035753e-09, 1.2515162801826728e-08, 1.3088570156873292e-09, 1.864724718499645e-07, 1.5199843322035753e-09, 7.976056178432314e-09, 9.954792498068972e-09, 2.241730106035564e-07, 2.486539333737863e-08, 1.132625862246542e-09]"
value__approximate_entropy__m_2__r_0.3,0.001400457878060215,[0.001400457878060215]
value__ar_coefficient__coeff_1__k_10,0.0010507169624109944,[0.0010507169624109944]
value__ar_coefficient__coeff_2__k_10,0.0009821656572184649,"[0.0014476080728198192, 0.0005167232416171106]"
value__ar_coefficient__coeff_5__k_10,0.0009865255529222926,[0.0009865255529222926]
value__benford_correlation,1.110557737642011e-07,"[1.0472637120414613e-08, 7.80483484762243e-09, 8.740156782396474e-09, 6.310287017288261e-07, 1.802109079838737e-07, 1.7948720882483854e-08, 4.289387866571968e-09, 5.033009131749098e-08, 6.092068816629716e-08, 1.3881161094603368e-07]"
value__c3__lag_1,0.0010548683891302656,"[0.0016250549765801164, 0.0009442000506992093, 0.0005953501401114712]"
value__c3__lag_2,0.0008220771094313899,"[0.0012146887156840292, 0.0007497810212266539, 0.0005017615913834865]"
value__c3__lag_3,0.0009436741600502261,"[0.001079195331260481, 0.0007073599988266573, 0.00037564076088605534, 0.001612500549227711]"
"value__change_quantiles__f_agg_""mean""__isabs_False__qh_0.8__ql_0.4",0.0007350691021724938,[0.0007350691021724938]
"value__change_quantiles__f_agg_""mean""__isabs_False__qh_0.8__ql_0.6",0.000518459047322232,[0.000518459047322232]
"value__change_quantiles__f_agg_""mean""__isabs_False__qh_1.0__ql_0.8",0.00035749908741319127,"[0.00040326161098617217, 2.629771384106378e-05, 0.0015242490443590345, 3.360895719822643e-06, 3.0835864871367753e-06, 0.0002399790879449135, 0.00030226167255419594]"
"value__change_quantiles__f_agg_""mean""__isabs_True__qh_0.4__ql_0.0",0.00036381268564879,"[9.98756890633956e-05, 1.7997073012073733e-05, 1.0245774304069358e-05, 0.0015930164545352188, 9.792843732919265e-05]"
"value__change_quantiles__f_agg_""mean""__isabs_True__qh_0.4__ql_0.2",0.00016200775947099804,"[0.0003783424351933559, 1.335285595581468e-05, 0.0002286621450337301, 8.6907056714104e-05, 0.00018403605996265512, 5.043573898411401e-05, 0.0002843369408414956, 6.998884308271484e-05]"
"value__change_quantiles__f_agg_""mean""__isabs_True__qh_0.6__ql_0.0",6.566212825920526e-08,"[1.0472637120414613e-08, 2.8822889071235736e-08, 9.633257851246035e-09, 2.481886054002515e-07, 4.07457387411216e-08, 5.1419195341722874e-08, 1.7262696447160326e-08, 1.126451553935828e-07, 1.124360570599967e-07, 2.499505016532045e-08]"
"value__change_quantiles__f_agg_""mean""__isabs_True__qh_0.6__ql_0.2",6.815069740392967e-08,"[5.947931833620144e-08, 3.987533836545995e-09, 4.8368503065501056e-08, 1.397180363480912e-07, 7.876393198747602e-08, 1.107975750000043e-07, 5.180558538288055e-09, 2.4456316102381966e-08, 1.587330123769949e-07, 5.202218844781182e-08]"
"value__change_quantiles__f_agg_""mean""__isabs_True__qh_0.6__ql_0.4",3.420908858306399e-08,"[2.779011861595848e-08, 1.3540354089951309e-09, 2.2850814798903808e-08, 9.46765862449809e-08, 2.291282539728647e-08, 4.3245407539996635e-08, 4.289387866571968e-09, 2.4456316102381966e-08, 6.092068816629716e-08, 3.9594705689267343e-08]"
"value__change_quantiles__f_agg_""mean""__isabs_True__qh_0.8__ql_0.0",2.7095967066518833e-09,"[1.5199843322035753e-09, 5.470874312928451e-10, 1.3088570156873292e-09, 9.185663033875053e-09, 1.5199843322035753e-09, 4.668340787530142e-10, 5.047646543357112e-10, 9.44917728074153e-09, 1.460989045179658e-09, 1.132625862246542e-09]"
"value__change_quantiles__f_agg_""mean""__isabs_True__qh_0.8__ql_0.2",2.493692964726753e-09,"[1.5199843322035753e-09, 4.940630034755131e-10, 1.3088570156873292e-09, 8.269168753376723e-09, 1.5199843322035753e-09, 4.2317831492751977e-10, 4.5671805462521374e-10, 8.488088656129379e-09, 1.3242613223921592e-09, 1.132625862246542e-09]"
"value__change_quantiles__f_agg_""mean""__isabs_True__qh_0.8__ql_0.4",2.5898067826272504e-09,"[1.5199843322035753e-09, 4.4606595815783903e-10, 1.3088570156873292e-09, 8.269168753376723e-09, 1.5199843322035753e-09, 4.2317831492751977e-10, 5.047646543357112e-10, 9.44917728074153e-09, 1.3242613223921592e-09, 1.132625862246542e-09]"
"value__change_quantiles__f_agg_""mean""__isabs_True__qh_0.8__ql_0.6",2.3376925023711027e-06,"[1.7383500143062017e-06, 4.752850175773106e-07, 1.3541026331604208e-06, 1.7959275081623907e-05, 1.5022271776851224e-07, 1.4894267856666157e-09, 4.5671805462521374e-10, 8.488088656129379e-09, 1.5917639162989113e-06, 9.749140947934081e-08]"
"value__change_quantiles__f_agg_""mean""__isabs_True__qh_1.0__ql_0.0",2.303635344882932e-09,"[1.5199843322035753e-09, 4.940630034755131e-10, 1.3088570156873292e-09, 7.441830098712278e-09, 1.5199843322035753e-09, 3.835164900715479e-10, 4.1314550012193317e-10, 7.622310505281462e-09, 1.2000363088255634e-09, 1.132625862246542e-09]"
"value__change_quantiles__f_agg_""mean""__isabs_True__qh_1.0__ql_0.2",2.216918794605303e-09,"[1.5199843322035753e-09, 4.4606595815783903e-10, 1.3088570156873292e-09, 7.441830098712278e-09, 1.5199843322035753e-09, 3.835164900715479e-10, 3.7364008822032e-10, 6.8426474597244575e-09, 1.2000363088255634e-09, 1.132625862246542e-09]"
"value__change_quantiles__f_agg_""mean""__isabs_True__qh_1.0__ql_0.4",2.1288988837098748e-09,"[1.5199843322035753e-09, 4.940630034755131e-10, 1.3088570156873292e-09, 6.695209610222007e-09, 1.5199843322035753e-09, 3.1477818686460655e-10, 3.7364008822032e-10, 6.8426474597244575e-09, 1.0871989462508233e-09, 1.132625862246542e-09]"
"value__change_quantiles__f_agg_""mean""__isabs_True__qh_1.0__ql_0.6",4.492707099263753e-06,"[6.398809496585656e-06, 4.8387840255370055e-06, 4.918146601469939e-06, 1.9451075012243494e-05, 4.808734777483949e-07, 5.148746301696029e-10, 3.7364008822032e-10, 6.8426474597244575e-09, 8.528751795400095e-06, 3.028994214748312e-07]"
"value__change_quantiles__f_agg_""mean""__isabs_True__qh_1.0__ql_0.8",0.0002446032616006938,"[0.0006255467997459086, 0.00014292915813465847, 0.0006357201043953059, 6.209317167155153e-05, 0.00040326161098617217, 1.425194598969214e-07, 2.4207608930213337e-09, 9.44917728074153e-09, 0.0003317241200745769]"
"value__change_quantiles__f_agg_""var""__isabs_False__qh_0.4__ql_0.0",0.0002730068517908104,"[6.398809496585656e-06, 3.5849710404453335e-06, 8.767335668943686e-06, 0.00012650100639449195, 0.0005139143020328554, 0.0012214078398334522, 3.047369806889863e-05]"
"value__change_quantiles__f_agg_""var""__isabs_False__qh_0.4__ql_0.2",0.00027237862329956765,"[4.265972719647249e-05, 0.0008916377868489033, 6.217263456985487e-06, 0.00018525194841127166, 2.0382899310326073e-05, 0.0012880182539884313, 4.4083282721499625e-05, 0.0001078443398958274, 0.0001178507485210237, 1.9839982644934742e-05]"
"value__change_quantiles__f_agg_""var""__isabs_False__qh_0.6__ql_0.0",1.2396544701999923e-08,"[2.5504132279972214e-09, 2.7017994448228202e-09, 2.177298135043498e-09, 5.7808081678486176e-08, 4.70312199506445e-09, 4.19012540970783e-09, 2.1987710090706225e-09, 3.338523549651362e-08, 1.0872033556329554e-08, 3.378567066963436e-09]"
"value__change_quantiles__f_agg_""var""__isabs_False__qh_0.6__ql_0.2",1.2173401067744856e-08,"[4.250004773381667e-09, 2.0124445037370712e-09, 3.5980909373839296e-09, 5.2328542492606573e-08, 6.362958658045673e-09, 6.6437478714167505e-09, 1.8126900401968901e-09, 2.4456316102381966e-08, 1.574163707152625e-08, 4.527578226771806e-09]"
"value__change_quantiles__f_agg_""var""__isabs_False__qh_0.6__ql_0.4",1.272888993221769e-08,"[5.754678565967082e-09, 1.3540354089951309e-09, 4.848273268148549e-09, 5.2328542492606573e-08, 5.754678565967082e-09, 7.280322498533285e-09, 2.4207608930213337e-09, 2.7138413254714696e-08, 1.435567846292658e-08, 6.053515911296597e-09]"
"value__change_quantiles__f_agg_""var""__isabs_False__qh_0.8__ql_0.0",2.6057652677925143e-09,"[1.5199843322035753e-09, 6.056508098104785e-10, 1.3088570156873292e-09, 8.269168753376723e-09, 1.5199843322035753e-09, 4.2317831492751977e-10, 5.047646543357112e-10, 9.44917728074153e-09, 1.3242613223921592e-09, 1.132625862246542e-09]"
"value__change_quantiles__f_agg_""var""__isabs_False__qh_0.8__ql_0.2",2.399872858199785e-09,"[1.5199843322035753e-09, 5.470874312928451e-10, 1.3088570156873292e-09, 7.441830098712278e-09, 1.5199843322035753e-09, 3.835164900715479e-10, 4.5671805462521374e-10, 8.488088656129379e-09, 1.2000363088255634e-09, 1.132625862246542e-09]"
"value__change_quantiles__f_agg_""var""__isabs_False__qh_0.8__ql_0.4",2.821547469159374e-09,"[1.5199843322035753e-09, 5.470874312928451e-10, 1.3088570156873292e-09, 9.185663033875053e-09, 1.5199843322035753e-09, 4.668340787530142e-10, 5.577316697768161e-10, 1.051571789037533e-08, 1.460989045179658e-09, 1.132625862246542e-09]"
"value__change_quantiles__f_agg_""var""__isabs_False__qh_0.8__ql_0.6",1.5203613898587185e-06,"[5.72778413087093e-07, 4.0189903391653703e-07, 4.519773521917701e-07, 1.1996249969545626e-05, 1.0404391707838897e-07, 1.4894267856666157e-09, 7.512910279886999e-10, 1.4465683356729294e-08, 1.5917639162989113e-06, 6.819489529847489e-08]"
"value__change_quantiles__f_agg_""var""__isabs_False__qh_1.0__ql_0.0",2.6057652677925143e-09,"[1.5199843322035753e-09, 6.056508098104785e-10, 1.3088570156873292e-09, 8.269168753376723e-09, 1.5199843322035753e-09, 4.2317831492751977e-10, 5.047646543357112e-10, 9.44917728074153e-09, 1.3242613223921592e-09, 1.132625862246542e-09]"
"value__change_quantiles__f_agg_""var""__isabs_False__qh_1.0__ql_0.2",2.399872858199785e-09,"[1.5199843322035753e-09, 5.470874312928451e-10, 1.3088570156873292e-09, 7.441830098712278e-09, 1.5199843322035753e-09, 3.835164900715479e-10, 4.5671805462521374e-10, 8.488088656129379e-09, 1.2000363088255634e-09, 1.132625862246542e-09]"
"value__change_quantiles__f_agg_""var""__isabs_False__qh_1.0__ql_0.4",2.5008855628746525e-09,"[1.5199843322035753e-09, 6.056508098104785e-10, 1.3088570156873292e-09, 8.269168753376723e-09, 1.5199843322035753e-09, 3.835164900715479e-10, 4.5671805462521374e-10, 8.488088656129379e-09, 1.3242613223921592e-09, 1.132625862246542e-09]"
"value__change_quantiles__f_agg_""var""__isabs_False__qh_1.0__ql_0.6",1.7616951806761973e-06,"[8.099802043909838e-07, 9.9859522145795e-07, 6.364890337572156e-07, 1.1996249969545626e-05, 1.1409719655765963e-07, 1.2303944618288545e-09, 7.512910279886999e-10, 1.4465683356729294e-08, 2.970496032233152e-06, 7.459677997283688e-08]"
"value__change_quantiles__f_agg_""var""__isabs_False__qh_1.0__ql_0.8",0.00022669118884058483,"[0.000587986835762194, 0.0001524581852331187, 0.00044029885268549864, 0.00021322931832229135, 0.00040326161098617217, 2.5440791003448287e-07, 3.901651630529799e-09, 1.786392464216037e-08, 0.00024270972308968142]"
"value__change_quantiles__f_agg_""var""__isabs_True__qh_0.2__ql_0.0",0.0005017615913834865,[0.0005017615913834865]
"value__change_quantiles__f_agg_""var""__isabs_True__qh_0.4__ql_0.0",0.0002484032483585153,"[2.8570528009727094e-06, 1.7333746634615841e-06, 0.0011187543600347162, 1.6246161788993213e-05, 3.2414474405700675e-05, 0.0002831911019364802, 0.0004887508740016536, 4.3278587236143984e-05]"
"value__change_quantiles__f_agg_""var""__isabs_True__qh_0.4__ql_0.2",0.0002625705560102672,"[2.367855785662848e-05, 0.0010580391233913943, 7.84113007205707e-06, 0.00019877866635511, 1.6246161788993213e-05, 0.0009302414832939185, 2.549009456693062e-05, 0.0001801990516901963, 0.00016227723949226652, 2.2914051595176968e-05]"
"value__change_quantiles__f_agg_""var""__isabs_True__qh_0.6__ql_0.0",7.104342481477404e-09,"[1.5199843322035753e-09, 1.3540354089951309e-09, 1.3088570156873292e-09, 3.502739692734666e-08, 2.0752058675688507e-09, 1.2303944618288545e-09, 1.1139301933166182e-09, 2.203223999648404e-08, 3.850789756247881e-09, 1.5305908550951152e-09]"
"value__change_quantiles__f_agg_""var""__isabs_True__qh_0.6__ql_0.2",8.098657574672736e-09,"[1.686680765879966e-09, 1.8233225228396864e-09, 1.4498635842676496e-09, 3.502739692734666e-08, 1.686680765879966e-09, 1.8013314239983786e-09, 1.4929667179230057e-09, 3.010501947651851e-08, 4.660784806587025e-09, 1.2525287554865284e-09]"
"value__change_quantiles__f_agg_""var""__isabs_True__qh_0.6__ql_0.4",8.244761572908099e-07,"[3.4676628301402543e-09, 2.8822889071235736e-08, 2.9454720612496447e-09, 1.6941822804346155e-07, 1.5524682722865232e-08, 2.7611125910844003e-07, 3.321137920853193e-07, 6.57440659098452e-06, 8.398873329849881e-07, 2.0636630158791898e-09]"
"value__change_quantiles__f_agg_""var""__isabs_True__qh_0.8__ql_0.0",3.5174715402914365e-09,"[1.5199843322035753e-09, 9.073950503566544e-10, 1.3088570156873292e-09, 1.2567704653012151e-08, 1.5199843322035753e-09, 5.677279010826417e-10, 6.804323107035198e-10, 1.3011021210617558e-08, 1.958982734800818e-09, 1.132625862246542e-09]"
"value__change_quantiles__f_agg_""var""__isabs_True__qh_0.8__ql_0.2",1.113069433482942e-08,"[1.5199843322035753e-09, 2.2206271492828637e-09, 1.3088570156873292e-09, 4.73538867041505e-08, 1.5199843322035753e-09, 1.8013314239983786e-09, 2.1987710090706225e-09, 4.544307203674353e-08, 6.807803482707294e-09, 1.132625862246542e-09]"
"value__change_quantiles__f_agg_""var""__isabs_True__qh_0.8__ql_0.4",6.270622219540165e-05,"[2.3008893205387185e-09, 4.3710868182224517e-07, 4.390664012823889e-09, 2.885695072176532e-05, 5.203115380959592e-09, 2.9959759054405435e-07, 6.937111893988215e-07, 0.00055012825487554, 4.662288786199471e-05, 1.1816364237083736e-08]"
"value__change_quantiles__f_agg_""var""__isabs_True__qh_0.8__ql_0.6",0.000370569288325016,"[7.430711360240248e-07, 1.7333746634615841e-06, 0.0011187543600347162, 4.404279317134832e-07, 0.0010956987210306078, 6.045775153572592e-06]"
"value__change_quantiles__f_agg_""var""__isabs_True__qh_1.0__ql_0.0",5.5285814868689065e-09,"[1.5199843322035753e-09, 1.495603811638432e-09, 1.3088570156873292e-09, 2.106191478588663e-08, 1.5199843322035753e-09, 9.222132972636309e-10, 1.1139301933166182e-09, 2.203223999648404e-08, 3.1784612417586968e-09, 1.132625862246542e-09]"
"value__change_quantiles__f_agg_""var""__isabs_True__qh_1.0__ql_0.2",1.63588519551472e-08,"[1.5199843322035753e-09, 3.619132535949044e-09, 1.3088570156873292e-09, 7.048378501568877e-08, 1.5199843322035753e-09, 2.6274951490344627e-09, 3.2258366930883186e-09, 6.824565577987547e-08, 9.905162835494944e-09, 1.132625862246542e-09]"
"value__change_quantiles__f_agg_""var""__isabs_True__qh_1.0__ql_0.4",1.4200279231567562e-07,"[1.5199843322035753e-09, 1.5090599555677572e-08, 1.3088570156873292e-09, 6.310287017288261e-07, 1.5199843322035753e-09, 2.1439393827484023e-08, 2.7131917644028688e-08, 6.405221415762538e-07, 7.933371728214497e-08, 1.132625862246542e-09]"
"value__change_quantiles__f_agg_""var""__isabs_True__qh_1.0__ql_0.6",7.932496451395688e-05,"[1.6455755588609608e-07, 2.8167559320099205e-06, 1.3194607515265349e-07, 0.0005519794655911146, 4.07457387411216e-08, 1.984680981319415e-06, 1.5374645251861394e-06, 5.043573898411401e-05, 0.00018412215706836165, 3.613268768320849e-08]"
"value__change_quantiles__f_agg_""var""__isabs_True__qh_1.0__ql_0.8",0.00040449712214074416,"[0.000849160761399855, 0.00111960279749796, 0.0006357201043953059, 0.00033276205519817276, 7.61895974011128e-05, 2.8568306331314057e-06, 3.148924995221846e-05, 0.0001881955806481972]"
value__cid_ce__normalize_False,2.046495878977649e-09,"[1.5199843322035753e-09, 4.4606595815783903e-10, 1.3088570156873292e-09, 6.02164459456049e-09, 1.5199843322035753e-09, 3.1477818686460655e-10, 3.7364008822032e-10, 6.8426474597244575e-09, 9.847309599077577e-10, 1.132625862246542e-09]"
value__cid_ce__normalize_True,3.480915245404364e-05,"[3.2917326105031046e-06, 4.523226303648054e-05, 5.6328386055701335e-06, 8.507977556362077e-05]"
value__count_above__t_0,0.0002965298738578524,[0.0002965298738578524]
value__count_below__t_0,0.0002965298738578524,[0.0002965298738578524]
value__count_below_mean,0.0012018781706894623,[0.0012018781706894623]
"value__cwt_coefficients__coeff_0__w_10__widths_(2, 5, 10, 20)",0.00033048292702446495,"[1.6246161788993213e-05, 4.546136098800327e-06, 0.0005525351184982604, 0.0005017615913834865, 0.0008614191492202118, 4.638940515703704e-05]"
"value__cwt_coefficients__coeff_0__w_20__widths_(2, 5, 10, 20)",3.1014262197787394e-08,"[3.059266333834309e-08, 3.78926138345335e-08, 2.7606009228091876e-08, 7.441830098712278e-09, 4.07457387411216e-08, 4.2317831492751977e-10, 2.479784370271811e-08, 1.373399707682168e-07, 1.6114401945706615e-09, 1.6913337566385092e-09]"
"value__cwt_coefficients__coeff_10__w_10__widths_(2, 5, 10, 20)",1.2215552246614403e-08,"[9.48452761608789e-09, 5.3254038181530115e-09, 7.927761969320535e-09, 1.3943474675100325e-08, 1.4075383596166078e-08, 6.897904561497957e-10, 5.180558538288055e-09, 6.167815294935004e-08, 2.1591350908897815e-09, 1.6913337566385092e-09]"
"value__cwt_coefficients__coeff_10__w_20__widths_(2, 5, 10, 20)",8.74579161165663e-09,"[1.0472637120414613e-08, 3.987533836545995e-09, 8.740156782396474e-09, 6.02164459456049e-09, 1.156050795561042e-08, 3.1477818686460655e-10, 3.2258366930883186e-09, 4.10174641249311e-08, 9.847309599077577e-10, 1.132625862246542e-09]"
"value__cwt_coefficients__coeff_10__w_2__widths_(2, 5, 10, 20)",0.0008285046400053614,"[0.0009019659070955559, 0.0006671781874401828, 0.0007170545474451702, 0.0016790178450956136, 0.0002357588037599359, 0.0007700525491957095]"
"value__cwt_coefficients__coeff_10__w_5__widths_(2, 5, 10, 20)",2.677992652410327e-08,"[2.5237375661712677e-08, 1.03689023280167e-08, 2.0781599600543436e-08, 7.048378501568877e-08, 4.07457387411216e-08, 3.818475127298921e-09, 6.863848526499934e-09, 7.548834686020428e-08, 9.022079987029785e-09, 4.98911339291656e-09]"
"value__cwt_coefficients__coeff_11__w_10__widths_(2, 5, 10, 20)",1.126126692459692e-08,"[9.48452761608789e-09, 5.3254038181530115e-09, 7.927761969320535e-09, 1.1324200400627192e-08, 1.4075383596166078e-08, 5.677279010826417e-10, 4.714525764308703e-09, 5.572485361847305e-08, 1.7769508051115926e-09, 1.6913337566385092e-09]"
"value__cwt_coefficients__coeff_11__w_20__widths_(2, 5, 10, 20)",8.74579161165663e-09,"[1.0472637120414613e-08, 3.987533836545995e-09, 8.740156782396474e-09, 6.02164459456049e-09, 1.156050795561042e-08, 3.1477818686460655e-10, 3.2258366930883186e-09, 4.10174641249311e-08, 9.847309599077577e-10, 1.132625862246542e-09]"
"value__cwt_coefficients__coeff_11__w_2__widths_(2, 5, 10, 20)",0.0005373489205799297,"[0.0005190827626626402, 0.0003668483292480631, 0.0008573373496370228, 0.0004231442943275002, 0.0012881757757380948, 0.00020704200632713923, 3.84955630287026e-05, 0.0008242309044504935, 0.00031178329979971115]"
"value__cwt_coefficients__coeff_11__w_5__widths_(2, 5, 10, 20)",5.232322079772606e-08,"[1.0404391707838897e-07, 1.817786490540418e-08, 9.194141610000084e-08, 7.048378501568877e-08, 6.533395334952082e-08, 7.976056178432314e-09, 9.954792498068972e-09, 1.373399707682168e-07, 9.905162835494944e-09, 8.075289248043987e-09]"
"value__cwt_coefficients__coeff_12__w_10__widths_(2, 5, 10, 20)",1.0245325808687704e-08,"[9.48452761608789e-09, 4.392337266375446e-09, 7.927761969320535e-09, 1.0200600379939752e-08, 1.2757873928104873e-08, 4.668340787530142e-10, 3.901651630529799e-09, 5.033009131749098e-08, 1.460989045179658e-09, 1.5305908550951152e-09]"
"value__cwt_coefficients__coeff_12__w_20__widths_(2, 5, 10, 20)",8.74579161165663e-09,"[1.0472637120414613e-08, 3.987533836545995e-09, 8.740156782396474e-09, 6.02164459456049e-09, 1.156050795561042e-08, 3.1477818686460655e-10, 3.2258366930883186e-09, 4.10174641249311e-08, 9.847309599077577e-10, 1.132625862246542e-09]"
"value__cwt_coefficients__coeff_12__w_2__widths_(2, 5, 10, 20)",0.00025505286112970056,"[0.00018429290330695884, 0.00017333787481877097, 0.00044029885268549864, 2.4667264647939816e-05, 5.296117942428232e-05, 2.3098283855418284e-05, 5.2285121092117495e-06, 0.0014574399914786022, 0.00010352371828782641, 8.568003068249653e-05]"
"value__cwt_coefficients__coeff_12__w_5__widths_(2, 5, 10, 20)",3.597947098523882e-08,"[9.48504399726828e-08, 1.03689023280167e-08, 5.818805373019764e-08, 5.2328542492606573e-08, 1.5524682722865232e-08, 1.6417021402449547e-08, 4.289387866571968e-09, 9.227277271218341e-08, 7.47961737677032e-09, 8.075289248043987e-09]"
"value__cwt_coefficients__coeff_13__w_10__widths_(2, 5, 10, 20)",9.601737991876381e-09,"[9.48452761608789e-09, 4.392337266375446e-09, 7.927761969320535e-09, 9.185663033875053e-09, 1.2757873928104873e-08, 4.2317831492751977e-10, 3.5481135758416993e-09, 4.544307203674353e-08, 1.3242613223921592e-09, 1.5305908550951152e-09]"
"value__cwt_coefficients__coeff_13__w_20__widths_(2, 5, 10, 20)",8.74579161165663e-09,"[1.0472637120414613e-08, 3.987533836545995e-09, 8.740156782396474e-09, 6.02164459456049e-09, 1.156050795561042e-08, 3.1477818686460655e-10, 3.2258366930883186e-09, 4.10174641249311e-08, 9.847309599077577e-10, 1.132625862246542e-09]"
"value__cwt_coefficients__coeff_13__w_2__widths_(2, 5, 10, 20)",0.00033765803428572195,"[0.00016113954128752284, 0.0001524581852331187, 0.0010227198711098388, 9.382591501339204e-06, 8.767335668943686e-06, 2.013860150709561e-05, 8.1457882279249e-06, 0.0017563147394828028, 0.00012569665621755158, 0.00011181703262108144]"
"value__cwt_coefficients__coeff_13__w_5__widths_(2, 5, 10, 20)",6.797554478183196e-08,"[1.972992227944642e-07, 1.5090599555677572e-08, 1.8856232988807486e-07, 3.874273397907018e-08, 1.887076335653526e-08, 2.5585419658612263e-08, 5.691294345917723e-09, 1.6723495743972874e-07, 1.1930377355369397e-08, 1.074774944486936e-08]"
"value__cwt_coefficients__coeff_14__w_10__widths_(2, 5, 10, 20)",9.601737991876381e-09,"[9.48452761608789e-09, 4.392337266375446e-09, 7.927761969320535e-09, 9.185663033875053e-09, 1.2757873928104873e-08, 4.2317831492751977e-10, 3.5481135758416993e-09, 4.544307203674353e-08, 1.3242613223921592e-09, 1.5305908550951152e-09]"
"value__cwt_coefficients__coeff_14__w_20__widths_(2, 5, 10, 20)",8.74579161165663e-09,"[1.0472637120414613e-08, 3.987533836545995e-09, 8.740156782396474e-09, 6.02164459456049e-09, 1.156050795561042e-08, 3.1477818686460655e-10, 3.2258366930883186e-09, 4.10174641249311e-08, 9.847309599077577e-10, 1.132625862246542e-09]"
"value__cwt_coefficients__coeff_14__w_2__widths_(2, 5, 10, 20)",0.00018597316928471253,"[0.00010702545370423745, 0.00011013956912110136, 0.0012172181424492357, 4.8077228770424825e-06, 2.053702031233712e-06, 1.2373972090216451e-05, 8.763274389297583e-06, 0.00012569665621755158, 8.568003068249653e-05]"
"value__cwt_coefficients__coeff_14__w_5__widths_(2, 5, 10, 20)",1.887845204298042e-07,"[3.0907464799748937e-07, 3.158286148623396e-08, 4.519773521917701e-07, 3.502739692734666e-08, 9.48504399726828e-08, 1.310767448363816e-07, 3.548599857748669e-08, 7.03322860810788e-07, 7.266617026398332e-08, 2.2780731233879258e-08]"
"value__cwt_coefficients__coeff_1__w_10__widths_(2, 5, 10, 20)",3.0317916040883286e-06,"[2.5237375661712677e-08, 1.2732999666648434e-06, 2.0781599600543436e-08, 1.657687876765148e-05, 2.826919953722757e-07, 3.250073824531397e-07, 6.937111893988215e-07, 9.22975376994431e-06, 1.863136331120678e-06, 2.7417663015481568e-08]"
"value__cwt_coefficients__coeff_1__w_20__widths_(2, 5, 10, 20)",1.7369901178801317e-08,"[2.0796667265372773e-08, 1.5090599555677572e-08, 1.717473170865418e-08, 6.695209610222007e-09, 3.059266333834309e-08, 4.2317831492751977e-10, 1.1971271911890376e-08, 6.824565577987547e-08, 1.3242613223921592e-09, 1.3847729806580226e-09]"
"value__cwt_coefficients__coeff_1__w_2__widths_(2, 5, 10, 20)",8.637282651535955e-08,"[1.2757873928104873e-08, 2.39874820016621e-08, 1.061481679370804e-08, 4.36046951935513e-07, 4.07457387411216e-08, 5.0419817142068085e-09, 2.7131917644028688e-08, 2.7209998781536314e-07, 2.722622533184311e-08, 8.075289248043987e-09]"
"value__cwt_coefficients__coeff_1__w_5__widths_(2, 5, 10, 20)",9.6753777084054e-07,"[1.7118503819424523e-08, 7.773882153166035e-08, 1.4178906631355948e-08, 7.318404368811969e-06, 9.48504399726828e-08, 1.107975750000043e-07, 1.315015151576102e-07, 1.1173425499756883e-06, 7.745361781285679e-07, 1.890884937643723e-08]"
"value__cwt_coefficients__coeff_2__w_10__widths_(2, 5, 10, 20)",2.616192010916938e-07,"[9.48452761608789e-09, 8.494965672114201e-08, 7.927761969320535e-09, 1.5562161689822726e-06, 4.480556662472861e-08, 2.5585419658612263e-08, 5.524269724517876e-08, 7.03322860810788e-07, 1.2260383537751037e-07, 6.053515911296597e-09]"
"value__cwt_coefficients__coeff_2__w_20__widths_(2, 5, 10, 20)",1.2311641668397103e-08,"[1.5524682722865232e-08, 7.80483484762243e-09, 1.2877965769616659e-08, 6.695209610222007e-09, 2.0796667265372773e-08, 3.835164900715479e-10, 6.250883596397319e-09, 5.033009131749098e-08, 1.2000363088255634e-09, 1.2525287554865284e-09]"
"value__cwt_coefficients__coeff_2__w_2__widths_(2, 5, 10, 20)",6.026065070293611e-08,"[1.2757873928104873e-08, 2.39874820016621e-08, 1.061481679370804e-08, 2.998446231450428e-07, 4.07457387411216e-08, 3.168953973526053e-09, 1.7262696447160326e-08, 1.6723495743972874e-07, 1.8914075311262576e-08, 8.075289248043987e-09]"
"value__cwt_coefficients__coeff_2__w_5__widths_(2, 5, 10, 20)",3.092603823498723e-07,"[1.4075383596166078e-08, 4.5417647066633084e-08, 1.1693302681445963e-08, 2.028136541948033e-06, 5.4134464988319395e-08, 2.5585419658612263e-08, 6.583178279937061e-08, 7.03322860810788e-07, 1.3365867050448532e-07, 1.074774944486936e-08]"
"value__cwt_coefficients__coeff_3__w_10__widths_(2, 5, 10, 20)",6.522240027045855e-08,"[9.48452761608789e-09, 3.158286148623396e-08, 7.927761969320535e-09, 2.481886054002515e-07, 2.779011861595848e-08, 6.061439391749659e-09, 2.265914198329227e-08, 2.7209998781536314e-07, 2.27037496541205e-08, 3.725808772207523e-09]"
"value__cwt_coefficients__coeff_3__w_20__widths_(2, 5, 10, 20)",1.1198336538391214e-08,"[1.2757873928104873e-08, 6.450229822290027e-09, 1.061481679370804e-08, 6.695209610222007e-09, 1.7118503819424523e-08, 3.835164900715479e-10, 5.180558538288055e-09, 5.033009131749098e-08, 1.2000363088255634e-09, 1.2525287554865284e-09]"
"value__cwt_coefficients__coeff_3__w_2__widths_(2, 5, 10, 20)",5.8544392367328865e-08,"[1.2757873928104873e-08, 2.39874820016621e-08, 1.061481679370804e-08, 2.998446231450428e-07, 4.07457387411216e-08, 3.168953973526053e-09, 1.5758776437513703e-08, 1.5157629409330284e-07, 1.8914075311262576e-08, 8.075289248043987e-09]"
"value__cwt_coefficients__coeff_3__w_5__widths_(2, 5, 10, 20)",1.4947705654760243e-07,"[1.2757873928104873e-08, 3.459849080002309e-08, 1.061481679370804e-08, 8.299367926354931e-07, 4.480556662472861e-08, 1.1464098398635877e-08, 4.2389232639602835e-08, 4.392077162413868e-07, 6.092068816629716e-08, 8.075289248043987e-09]"
"value__cwt_coefficients__coeff_4__w_10__widths_(2, 5, 10, 20)",5.000009365611308e-08,"[9.48452761608789e-09, 2.8822889071235736e-08, 7.927761969320535e-09, 1.397180363480912e-07, 2.5237375661712677e-08, 3.4789880728297974e-09, 2.265914198329227e-08, 2.470160297109837e-07, 1.1930377355369397e-08, 3.725808772207523e-09]"
"value__cwt_coefficients__coeff_4__w_20__widths_(2, 5, 10, 20)",1.0570668409814243e-08,"[1.156050795561042e-08, 5.861626448714579e-09, 9.633257851246035e-09, 6.695209610222007e-09, 1.4075383596166078e-08, 3.835164900715479e-10, 4.714525764308703e-09, 5.033009131749098e-08, 1.2000363088255634e-09, 1.2525287554865284e-09]"
"value__cwt_coefficients__coeff_4__w_2__widths_(2, 5, 10, 20)",6.138256014491799e-08,"[1.4075383596166078e-08, 2.39874820016621e-08, 1.1693302681445963e-08, 3.294234098714622e-07, 4.9256383148590074e-08, 3.168953973526053e-09, 1.4382434356021504e-08, 1.373399707682168e-07, 2.0724983216369365e-08, 9.773297835719823e-09]"
"value__cwt_coefficients__coeff_4__w_5__widths_(2, 5, 10, 20)",6.304543847024975e-08,"[1.2757873928104873e-08, 1.9943367416792822e-08, 1.061481679370804e-08, 2.7283834121940214e-07, 3.366858547801702e-08, 5.0419817142068085e-09, 2.265914198329227e-08, 2.241730106035564e-07, 2.27037496541205e-08, 6.053515911296597e-09]"
"value__cwt_coefficients__coeff_5__w_10__widths_(2, 5, 10, 20)",4.330306418560067e-08,"[9.48452761608789e-09, 2.6297547247193224e-08, 7.927761969320535e-09, 1.0439854321139711e-07, 2.291282539728647e-08, 2.885884393487266e-09, 2.069994079438479e-08, 2.241730106035564e-07, 1.0872033556329554e-08, 3.378567066963436e-09]"
"value__cwt_coefficients__coeff_5__w_20__widths_(2, 5, 10, 20)",1.0570668409814243e-08,"[1.156050795561042e-08, 5.861626448714579e-09, 9.633257851246035e-09, 6.695209610222007e-09, 1.4075383596166078e-08, 3.835164900715479e-10, 4.714525764308703e-09, 5.033009131749098e-08, 1.2000363088255634e-09, 1.2525287554865284e-09]"
"value__cwt_coefficients__coeff_5__w_2__widths_(2, 5, 10, 20)",6.182502188077735e-08,"[1.5524682722865232e-08, 3.78926138345335e-08, 1.2877965769616659e-08, 2.998446231450428e-07, 5.947931833620144e-08, 3.4789880728297974e-09, 1.3123157423631094e-08, 1.373399707682168e-07, 2.980395552028941e-08, 8.884943214546613e-09]"
"value__cwt_coefficients__coeff_5__w_5__widths_(2, 5, 10, 20)",4.9379219863328507e-08,"[1.2757873928104873e-08, 1.9943367416792822e-08, 1.061481679370804e-08, 2.0518070920731496e-07, 3.366858547801702e-08, 3.818475127298921e-09, 1.7262696447160326e-08, 1.6723495743972874e-07, 1.72572008838628e-08, 6.053515911296597e-09]"
"value__cwt_coefficients__coeff_6__w_10__widths_(2, 5, 10, 20)",3.016287595903236e-08,"[9.48452761608789e-09, 1.6564520847860114e-08, 7.927761969320535e-09, 7.048378501568877e-08, 2.0796667265372773e-08, 1.8013314239983786e-09, 1.3123157423631094e-08, 1.5157629409330284e-07, 6.807803482707294e-09, 3.0629104523538916e-09]"
"value__cwt_coefficients__coeff_6__w_20__widths_(2, 5, 10, 20)",9.568370838695713e-09,"[1.0472637120414613e-08, 4.837025724162202e-09, 8.740156782396474e-09, 6.695209610222007e-09, 1.2757873928104873e-08, 3.835164900715479e-10, 3.901651630529799e-09, 4.544307203674353e-08, 1.2000363088255634e-09, 1.2525287554865284e-09]"
"value__cwt_coefficients__coeff_6__w_2__widths_(2, 5, 10, 20)",1.3290605472994078e-06,"[1.3509806043096903e-06, 5.615135591864613e-07, 7.541279586305813e-07, 5.2323679151085895e-06, 8.826729912740496e-07, 7.838785481600337e-07, 1.315015151576102e-07, 2.1078332004648683e-06, 1.3586058075337394e-06, 1.2712337316845598e-07]"
"value__cwt_coefficients__coeff_6__w_5__widths_(2, 5, 10, 20)",5.121454866181634e-08,"[1.156050795561042e-08, 1.9943367416792822e-08, 9.633257851246035e-09, 2.256968800207933e-07, 3.704359844082576e-08, 3.4789880728297974e-09, 1.5758776437513703e-08, 1.6723495743972874e-07, 1.574163707152625e-08, 6.053515911296597e-09]"
"value__cwt_coefficients__coeff_7__w_10__widths_(2, 5, 10, 20)",2.0542865659477625e-08,"[9.48452761608789e-09, 1.03689023280167e-08, 7.927761969320535e-09, 4.73538867041505e-08, 2.0796667265372773e-08, 1.2303944618288545e-09, 8.270048278874665e-09, 9.227277271218341e-08, 4.660784806587025e-09, 3.0629104523538916e-09]"
"value__cwt_coefficients__coeff_7__w_20__widths_(2, 5, 10, 20)",8.74579161165663e-09,"[1.0472637120414613e-08, 3.987533836545995e-09, 8.740156782396474e-09, 6.02164459456049e-09, 1.156050795561042e-08, 3.1477818686460655e-10, 3.2258366930883186e-09, 4.10174641249311e-08, 9.847309599077577e-10, 1.132625862246542e-09]"
"value__cwt_coefficients__coeff_7__w_2__widths_(2, 5, 10, 20)",0.00034791770338182267,"[2.9587520922950842e-05, 6.5562705999523284e-06, 1.9378797431909327e-05, 0.0009865255529222926, 0.001019020007283461, 2.643807113037007e-05]"
"value__cwt_coefficients__coeff_7__w_5__widths_(2, 5, 10, 20)",3.882638344317594e-08,"[1.0472637120414613e-08, 1.817786490540418e-08, 8.740156782396474e-09, 1.397180363480912e-07, 2.779011861595848e-08, 2.6274951490344627e-09, 1.3123157423631094e-08, 1.5157629409330284e-07, 1.1930377355369397e-08, 4.107696638156694e-09]"
"value__cwt_coefficients__coeff_8__w_10__widths_(2, 5, 10, 20)",1.573190468791673e-08,"[9.48452761608789e-09, 7.80483484762243e-09, 7.927761969320535e-09, 2.5838157441847398e-08, 1.7118503819424523e-08, 1.0154748298038403e-09, 6.863848526499934e-09, 7.548834686020428e-08, 3.49893863392047e-09, 2.2786523344359877e-09]"
"value__cwt_coefficients__coeff_8__w_20__widths_(2, 5, 10, 20)",8.74579161165663e-09,"[1.0472637120414613e-08, 3.987533836545995e-09, 8.740156782396474e-09, 6.02164459456049e-09, 1.156050795561042e-08, 3.1477818686460655e-10, 3.2258366930883186e-09, 4.10174641249311e-08, 9.847309599077577e-10, 1.132625862246542e-09]"
"value__cwt_coefficients__coeff_8__w_2__widths_(2, 5, 10, 20)",0.00044894082166989954,"[0.0006255467997459086, 0.00030514822658553987, 0.00018029221169602725, 0.0006847760486521223]"
"value__cwt_coefficients__coeff_8__w_5__widths_(2, 5, 10, 20)",3.1146768707601954e-08,"[1.156050795561042e-08, 1.3744397540193239e-08, 9.633257851246035e-09, 9.46765862449809e-08, 3.059266333834309e-08, 2.3916900690343346e-09, 1.0917878513946028e-08, 1.2440104734886385e-07, 9.022079987029785e-09, 4.527578226771806e-09]"
"value__cwt_coefficients__coeff_9__w_10__widths_(2, 5, 10, 20)",1.304313232629536e-08,"[9.48452761608789e-09, 5.861626448714579e-09, 7.927761969320535e-09, 1.714750987694287e-08, 1.7118503819424523e-08, 8.373238509253927e-10, 5.691294345917723e-09, 6.167815294935004e-08, 2.6209593703908175e-09, 2.0636630158791898e-09]"
"value__cwt_coefficients__coeff_9__w_20__widths_(2, 5, 10, 20)",8.74579161165663e-09,"[1.0472637120414613e-08, 3.987533836545995e-09, 8.740156782396474e-09, 6.02164459456049e-09, 1.156050795561042e-08, 3.1477818686460655e-10, 3.2258366930883186e-09, 4.10174641249311e-08, 9.847309599077577e-10, 1.132625862246542e-09]"
"value__cwt_coefficients__coeff_9__w_2__widths_(2, 5, 10, 20)",0.0007995449275829481,"[0.001079195331260481, 0.00044006378518426047, 0.0003887648295898766, 0.001290155764297174]"
"value__cwt_coefficients__coeff_9__w_5__widths_(2, 5, 10, 20)",3.3120959688860476e-08,"[1.4075383596166078e-08, 1.3744397540193239e-08, 1.1693302681445963e-08, 1.0439854321139711e-07, 3.059266333834309e-08, 4.19012540970783e-09, 1.0917878513946028e-08, 1.2440104734886385e-07, 1.3088558610384886e-08, 4.107696638156694e-09]"
value__energy_ratio_by_chunks__num_segments_10__segment_focus_3,0.0003715354377436701,"[0.0010580391233913943, 7.048378501568877e-08, 6.815030053936369e-07, 0.0003340453558164324, 0.0012029557206750833, 8.398873329849881e-07, 4.115990199385775e-06]"
value__energy_ratio_by_chunks__num_segments_10__segment_focus_6,0.0003401105591396304,"[4.586653579640261e-05, 0.00039147489387035816, 0.0005829902477521303]"
value__energy_ratio_by_chunks__num_segments_10__segment_focus_7,0.0011835611800770404,"[0.0007881965556377469, 0.0015789258045163339]"
"value__fft_coefficient__attr_""abs""__coeff_0",0.00031800199215885377,[0.00031800199215885377]
"value__fft_coefficient__attr_""abs""__coeff_1",1.4214789652873528e-07,"[3.3782705889923116e-07, 8.20476374594608e-10, 2.683414526324206e-07, 5.755975201564828e-07, 3.366858547801702e-08, 6.258623083575867e-10, 7.512910279886999e-10, 5.572485361847305e-08, 6.654283138378442e-08, 8.157903340800262e-08]"
"value__fft_coefficient__attr_""abs""__coeff_2",9.112762284872802e-05,"[4.2900928563117333e-05, 0.00012650100639449195, 0.00010398093358857475]"
"value__fft_coefficient__attr_""abs""__coeff_3",1.0330424732685825e-05,"[1.3709904018191183e-07, 2.631099553354019e-07, 1.88110162367696e-06, 1.0186582759150017e-05, 1.8897158219106445e-06, 1.3725138643343996e-08, 5.524269724517876e-08, 4.3161064295657396e-05, 1.0626207231274805e-05, 3.509039876378259e-05]"
"value__fft_coefficient__attr_""abs""__coeff_5",0.0015514151610254582,[0.0015514151610254582]
"value__fft_coefficient__attr_""abs""__coeff_6",0.001006344530522786,"[0.0015339699390087226, 0.0004787191220368496]"
"value__fft_coefficient__attr_""abs""__coeff_87",0.0015511268199064972,[0.0015511268199064972]
"value__fft_coefficient__attr_""abs""__coeff_88",0.0003624222811227283,[0.0003624222811227283]
"value__fft_coefficient__attr_""abs""__coeff_90",0.0008594279497578516,[0.0008594279497578516]
"value__fft_coefficient__attr_""abs""__coeff_91",0.00027086384314518446,[0.00027086384314518446]
"value__fft_coefficient__attr_""abs""__coeff_92",0.0010024822361595648,[0.0010024822361595648]
"value__fft_coefficient__attr_""abs""__coeff_94",0.0017188367950737558,[0.0017188367950737558]
"value__fft_coefficient__attr_""abs""__coeff_95",0.00037743306671728755,[0.00037743306671728755]
"value__fft_coefficient__attr_""abs""__coeff_97",0.0011244820156433518,[0.0011244820156433518]
"value__fft_coefficient__attr_""abs""__coeff_98",0.0012789082170822045,[0.0012789082170822045]
"value__fft_coefficient__attr_""angle""__coeff_1",0.0011908454358952876,[0.0011908454358952876]
"value__fft_coefficient__attr_""angle""__coeff_2",0.00017561919265969835,"[0.00020975646078658422, 4.055331159224116e-06, 7.554107243827313e-05, 4.523226303648054e-05, 0.00020839526077966303, 0.0007671135872224445, 9.179535172420536e-06, 8.568003068249653e-05]"
"value__fft_coefficient__attr_""angle""__coeff_3",0.00031329624008717195,"[1.71229505433962e-05, 6.5083817439143735e-06, 8.1457882279249e-06, 0.0012214078398334522]"
"value__fft_coefficient__attr_""angle""__coeff_4",0.00010702545370423745,[0.00010702545370423745]
"value__fft_coefficient__attr_""imag""__coeff_1",3.7916559258039854e-07,"[5.248897352987752e-07, 6.505283068681062e-08, 2.602294474264459e-06, 2.8605103421220806e-08, 1.0472637120414613e-08, 2.885884393487266e-09, 5.691294345917723e-09, 4.828845824677323e-07, 1.1930377355369397e-08, 5.694900644979812e-08]"
"value__fft_coefficient__attr_""imag""__coeff_2",8.532776474883539e-05,"[0.00011013956912110136, 4.36046951935513e-07, 6.9257711271729775e-06, 3.466384560669213e-05, 0.0001623726607348501, 0.00034092290075636523, 2.5451865907747675e-06, 2.461613710179109e-05]"
"value__fft_coefficient__attr_""imag""__coeff_3",2.009095462274511e-05,"[1.505487837363844e-05, 5.615135591864613e-07, 7.019860678752308e-05, 3.934935242757246e-05, 1.6246161788993213e-05, 3.964586629827652e-08, 2.479784370271811e-08, 1.9438782919086406e-05, 2.355092378156277e-06, 3.7640714283293766e-05]"
"value__fft_coefficient__attr_""imag""__coeff_4",0.0001226966975329189,"[0.00018429290330695884, 2.225519353686765e-06, 0.00046839394465738525, 3.11974166670318e-05, 8.826729912740496e-07, 5.881038793358047e-05, 6.160956276020312e-05, 0.00039147489387035816, 3.4635366869194473e-06, 2.461613710179109e-05]"
"value__fft_coefficient__attr_""imag""__coeff_5",0.00019877866635511,[0.00019877866635511]
"value__fft_coefficient__attr_""imag""__coeff_6",0.0012146887156840292,[0.0012146887156840292]
"value__fft_coefficient__attr_""real""__coeff_1",2.1518197305997443e-06,"[3.6493252083791962e-06, 1.6515601077788967e-09, 2.8203878511321725e-06, 1.1996249969545626e-05, 3.0907464799748937e-07, 3.168953973526053e-09, 2.4207608930213337e-09, 8.471914316814886e-07, 9.868810582778083e-07, 9.018458640093404e-07]"
"value__fft_coefficient__attr_""real""__coeff_10",0.0007126014089515115,"[0.0009645664188989097, 0.0004606363990041134]"
"value__fft_coefficient__attr_""real""__coeff_2",6.0977659080405977e-05,"[3.483477538541171e-05, 0.00011882571249095202, 2.9272489364854202e-05]"
"value__fft_coefficient__attr_""real""__coeff_5",0.0009578007606187584,[0.0009578007606187584]
value__fourier_entropy__bins_10,0.0009034301029207976,[0.0009034301029207976]
value__fourier_entropy__bins_100,3.7568566853356175e-05,"[3.828025971543728e-06, 9.803717827532965e-05, 1.084049631319515e-05]"
value__fourier_entropy__bins_3,0.0016851843671471588,[0.0016851843671471588]
value__index_mass_quantile__q_0.4,0.0006860755336528552,"[9.360740844295243e-06, 0.001362790326461415]"
value__kurtosis,0.00039912289838070036,"[0.0003548684390147939, 0.0001580511830046009, 0.0007992350306619111, 0.0002843369408414956]"
value__large_standard_deviation__r_0.35000000000000003,0.0005229763138474557,"[0.0004710435942624664, 0.0012258085996690784, 0.00014510887421624754, 2.041397972670368e-06, 0.0007708791031168156]"
value__lempel_ziv_complexity__bins_5,0.0017537597615073942,[0.0017537597615073942]
value__length,0.001011625285444615,[0.001011625285444615]
"value__linear_trend__attr_""intercept""",1.7320510282257672e-06,"[7.430711360240248e-07, 9.9859522145795e-07, 1.2384688994813248e-05, 2.0518070920731496e-07, 8.644560554141514e-08, 2.3916900690343346e-09, 6.250883596397319e-09, 1.2245558477536288e-06, 3.12706082559268e-07, 1.3566241112353877e-06]"
"value__linear_trend__attr_""rvalue""",6.1330740611144e-05,"[6.109402446976773e-05, 3.2482464605751114e-05, 0.000498154434618688, 3.294234098714622e-07, 2.6317852107347137e-06, 2.1583686061985315e-07, 1.9430426113546565e-06, 6.035037015233297e-06, 1.729196436623916e-07, 1.0248437665756661e-05]"
"value__linear_trend__attr_""slope""",5.321292715998878e-08,"[3.059266333834309e-08, 7.112235825381217e-08, 2.0603179604581477e-07, 2.106191478588663e-08, 1.5524682722865232e-08, 9.222132972636309e-10, 1.9966589564184113e-09, 1.126451553935828e-07, 9.905162835494944e-09, 6.232666597040612e-08]"
"value__linear_trend__attr_""stderr""",2.916352024739049e-09,"[1.5199843322035753e-09, 4.940630034755131e-10, 1.3088570156873292e-09, 1.2567704653012151e-08, 1.5199843322035753e-09, 6.258623083575867e-10, 4.1314550012193317e-10, 7.622310505281462e-09, 1.958982734800818e-09, 1.132625862246542e-09]"
value__longest_strike_below_mean,0.0009246660288335616,"[0.001501455427059844, 0.0003478766306072793]"
"value__matrix_profile__feature_""25""__threshold_0.98",0.00045281954537921095,"[0.0007497810212266539, 0.00015585806953176794]"
"value__matrix_profile__feature_""75""__threshold_0.98",0.0006141608394889996,"[0.0003245448047756943, 0.0002965298738578524, 0.0012214078398334522]"
"value__matrix_profile__feature_""max""__threshold_0.98",0.0005609666396921105,"[0.0008916377868489033, 0.0007643871287350743, 2.6875003492353724e-05]"
"value__matrix_profile__feature_""mean""__threshold_0.98",0.000490807526236004,"[0.0004673567189625211, 0.0005142583335094868]"
"value__matrix_profile__feature_""min""__threshold_0.98",0.0007671135872224445,[0.0007671135872224445]
value__max_langevin_fixed_point__m_3__r_30,0.0005395416390100049,"[0.0011450909763498533, 5.635218307917134e-06, 0.0014454009096929686, 0.00011465624005581158, 6.996340023571275e-06, 3.0835864871367753e-06, 0.0005883178024852509, 0.000518459047322232, 0.0010282346303653028]"
value__maximum,1.7698236033554064e-07,"[2.1594877632076445e-07, 1.817786490540418e-08, 1.7252876797156174e-07, 9.94749312557363e-07, 5.4134464988319395e-08, 9.222132972636309e-10, 1.1139301933166182e-09, 5.572485361847305e-08, 1.883285242044653e-07, 6.819489529847489e-08]"
value__mean_abs_change,2.303635344882932e-09,"[1.5199843322035753e-09, 4.940630034755131e-10, 1.3088570156873292e-09, 7.441830098712278e-09, 1.5199843322035753e-09, 3.835164900715479e-10, 4.1314550012193317e-10, 7.622310505281462e-09, 1.2000363088255634e-09, 1.132625862246542e-09]"
value__median,0.0006139356157014366,"[0.0006255467997459086, 1.3800539753704295e-06, 0.0008079710594798763, 0.0006653291446296763, 0.0005313153168509743, 0.0005773563126132698, 0.0010886506226149804]"
value__minimum,2.022974059267673e-08,"[1.5199843322035753e-09, 2.4497327378488285e-09, 1.3088570156873292e-09, 1.397180363480912e-07, 8.587284489072e-09, 1.0154748298038403e-09, 1.2284561062250702e-09, 3.010501947651851e-08, 7.47961737677032e-09, 8.884943214546613e-09]"
value__number_cwt_peaks__n_1,0.000131035645804437,[0.000131035645804437]
value__number_cwt_peaks__n_5,0.00020419400603975506,"[0.00026379088241307536, 4.4599015958327505e-05, 0.0004963533739513904, 1.2032751836226882e-05]"
value__number_peaks__n_1,0.001224789901944402,"[0.0010399927939001208, 0.0014095870099886832]"
value__number_peaks__n_10,0.0006009081772571834,"[3.9369845942470155e-05, 0.0013272707035447745, 0.0003722442385852988, 1.4441277737960017e-05, 0.0012512148204754136]"
value__number_peaks__n_3,0.0003975211082918118,[0.0003975211082918118]
value__number_peaks__n_5,0.0004691779854776484,"[0.0001467229255005318, 0.0002373159455488725, 5.561167216180286e-05, 0.0016322723970936064, 0.0002739669870834283]"
value__partial_autocorrelation__lag_5,0.0007612535046866305,[0.0007612535046866305]
value__partial_autocorrelation__lag_8,0.0016187680927243593,[0.0016187680927243593]
value__partial_autocorrelation__lag_9,0.0003314268585782682,"[0.0003219308164001712, 0.00034092290075636523]"
value__permutation_entropy__dimension_3__tau_1,0.0003718174797461301,"[0.0009576272900345529, 0.00012647493750731983, 3.135021169651754e-05]"
value__permutation_entropy__dimension_4__tau_1,0.00020457482275038405,"[0.0003755735610457655, 3.3576084455002614e-05]"
value__permutation_entropy__dimension_5__tau_1,0.00014068201163172119,"[0.00026340653227555836, 1.795749098788403e-05]"
value__permutation_entropy__dimension_6__tau_1,0.00016705689427193413,"[0.0003148450685086074, 1.9268720035260852e-05]"
value__permutation_entropy__dimension_7__tau_1,5.822924608831213e-05,"[0.00010475130067381952, 1.170719150280474e-05]"
value__quantile__q_0.1,1.0613462134478477e-08,"[1.871142713963921e-09, 1.2255604771308956e-09, 1.6056362575813894e-09, 5.7808081678486176e-08, 9.48452761608789e-09, 1.2303944618288545e-09, 1.4929667179230057e-09, 1.9842083539818174e-08, 3.49893863392047e-09, 8.075289248043987e-09]"
value__quantile__q_0.2,6.536293908835911e-09,"[1.5199843322035753e-09, 6.056508098104785e-10, 1.3088570156873292e-09, 3.874273397907018e-08, 5.754678565967082e-09, 4.668340787530142e-10, 5.577316697768161e-10, 9.44917728074153e-09, 1.460989045179658e-09, 5.49630231116945e-09]"
value__quantile__q_0.3,2.8412411354192046e-09,"[1.5199843322035753e-09, 6.056508098104785e-10, 1.3088570156873292e-09, 1.0200600379939752e-08, 1.686680765879966e-09, 4.2317831492751977e-10, 5.047646543357112e-10, 9.44917728074153e-09, 1.460989045179658e-09, 1.2525287554865284e-09]"
value__quantile__q_0.4,1.0995913788659729e-07,"[7.174518071274804e-08, 1.8233225228396864e-09, 5.818805373019764e-08, 2.256968800207933e-07, 1.2757873928104873e-08, 1.3725138643343996e-08, 1.7262696447160326e-08, 5.831434533908341e-07, 9.449145558448892e-08, 2.075732388546212e-08]"
value__quantile__q_0.7,5.160278659747766e-07,"[5.947931833620144e-08, 1.5696438991862516e-07, 6.992744575431949e-08, 1.5562161689822726e-06, 2.291282539728647e-08, 1.6837318679974049e-07, 3.607811907966622e-07, 1.9269534826685554e-06, 6.58215494913809e-07, 1.8045515618029323e-07]"
value__quantile__q_0.8,3.8739000192234035e-07,"[1.3709904018191183e-07, 1.9943367416792822e-08, 1.1020016874690614e-07, 2.4161365679521525e-06, 1.887076335653526e-08, 8.736267310010125e-09, 1.0917878513946028e-08, 8.471914316814886e-07, 2.2322550065565822e-07, 8.157903340800262e-08]"
value__quantile__q_0.9,2.4974976872563923e-07,"[3.3782705889923116e-07, 1.2515162801826728e-08, 2.683414526324206e-07, 1.302339404382956e-06, 6.533395334952082e-08, 1.3538851039864136e-09, 1.645276763987096e-09, 9.227277271218341e-08, 2.643324623912544e-07, 1.5153625821902588e-07]"
value__range_count__max_1__min_-1,8.182443993473557e-07,"[7.291721092067238e-09, 5.870613213976992e-09, 5.040831444178437e-09, 1.0192713093548426e-06, 8.907999003314318e-10, 7.805463167272134e-08, 1.4979263756752534e-07, 6.7850512956675734e-06, 1.3008447670227602e-07, 1.0956768580629274e-09]"
value__ratio_beyond_r_sigma__r_1.5,0.0006590985690990039,"[0.0006539233992402239, 0.0006642737389577839]"
value__root_mean_square,2.046495878977649e-09,"[1.5199843322035753e-09, 4.4606595815783903e-10, 1.3088570156873292e-09, 6.02164459456049e-09, 1.5199843322035753e-09, 3.1477818686460655e-10, 3.7364008822032e-10, 6.8426474597244575e-09, 9.847309599077577e-10, 1.132625862246542e-09]"
value__sample_entropy,0.00044006378518426047,[0.00044006378518426047]
value__skewness,0.0005883178024852509,[0.0005883178024852509]
value__spkt_welch_density__coeff_2,4.437720706579232e-06,"[1.1960542108279927e-05, 3.1192680241211875e-07, 9.14112163008844e-06, 2.106042918018927e-05, 2.1594877632076445e-07, 5.148746301696029e-10, 6.161086405170453e-10, 1.0196764080799956e-07, 1.158480974914652e-06, 4.256589695084606e-07]"
value__spkt_welch_density__coeff_5,2.1082711517007133e-05,[2.1082711517007133e-05]
value__spkt_welch_density__coeff_8,0.00040085679643014536,"[0.0009826306860567634, 0.0004846889820026667, 0.00013463676896353382, 1.4707486976176171e-06]"
value__standard_deviation,2.046495878977649e-09,"[1.5199843322035753e-09, 4.4606595815783903e-10, 1.3088570156873292e-09, 6.02164459456049e-09, 1.5199843322035753e-09, 3.1477818686460655e-10, 3.7364008822032e-10, 6.8426474597244575e-09, 9.847309599077577e-10, 1.132625862246542e-09]"
value__variance,2.046495878977649e-09,"[1.5199843322035753e-09, 4.4606595815783903e-10, 1.3088570156873292e-09, 6.02164459456049e-09, 1.5199843322035753e-09, 3.1477818686460655e-10, 3.7364008822032e-10, 6.8426474597244575e-09, 9.847309599077577e-10, 1.132625862246542e-09]"
